Date,GPPObs,TERObs,NEEObs,GPPAss,TERAss,NEPAss
2011/1/1,2.17,-1.65,0.52,1.5363,-1.522,0.0143
2011/1/2,2.18,-1.65,0.52,1.6439,-1.4967,0.1472
2011/1/3,2.21,-1.74,0.46,1.7314,-1.5099,0.2215
2011/1/4,2.24,-1.83,0.40,1.9181,-1.5387,0.3794
2011/1/5,1.72,-1.81,0.19,1.7235,-1.538,0.1855
2011/1/6,1.66,-1.78,0.13,1.6627,-1.5346,0.1281
2011/1/7,3.04,-1.78,1.25,1.3468,-1.5273,-0.1805
2011/1/8,2.60,-1.93,0.67,2.0198,-1.5579,0.4619
2011/1/9,2.15,-1.75,0.60,2.1533,-1.5495,0.6038
2011/1/10,1.45,-1.78,-0.02,1.4518,-1.47,-0.0182
2011/1/11,2.03,-1.62,0.52,2.0295,-1.5142,0.5153
2011/1/12,2.18,-1.66,0.52,1.8202,-1.5187,0.3015
2011/1/13,3.68,-1.76,1.93,2.2543,-1.5763,0.678
2011/1/14,3.17,-1.85,1.32,2.1378,-1.5438,0.594
2011/1/15,2.76,-1.75,1.02,2.1873,-1.548,0.6393
2011/1/16,2.36,-1.65,0.71,2.2149,-1.5465,0.6684
2011/1/17,2.05,-1.62,0.43,2.2231,-1.5471,0.676
2011/1/18,3.41,-1.80,1.61,2.2486,-1.5519,0.6967
2011/1/19,3.78,-1.85,1.92,2.2713,-1.5544,0.7169
2011/1/20,4.14,-1.91,2.24,2.2965,-1.5561,0.7404
2011/1/21,3.27,-1.86,1.42,1.8197,-1.4851,0.3346
2011/1/22,2.40,-1.81,0.59,2.3222,-1.5565,0.7657
2011/1/23,2.38,-1.72,0.67,2.6766,-1.5855,1.0911
2011/1/24,2.36,-1.62,0.74,2.2692,-1.5339,0.7353
2011/1/25,3.49,-1.86,1.62,2.0805,-1.5578,0.5227
2011/1/26,2.25,-1.55,0.70,2.2505,-1.5462,0.7043
2011/1/27,2.31,-1.55,0.76,2.3116,-1.5514,0.7602
2011/1/28,2.54,-1.58,0.96,2.5376,-1.5798,0.9578
2011/1/29,2.75,-1.81,0.93,2.2307,-1.527,0.7037
2011/1/30,3.05,-1.77,1.28,1.6933,-1.5317,0.1616
2011/1/31,3.34,-1.70,1.63,2.1439,-1.5602,0.5837
2011/2/1,2.35,-1.60,0.75,1.6535,-1.6542,-0.0007
2011/2/2,3.19,-1.66,1.53,1.6797,-1.6617,0.018
2011/2/3,3.85,-1.53,2.31,1.9357,-1.7192,0.2165
2011/2/4,3.43,-1.61,1.82,2.0629,-1.7607,0.3022
2011/2/5,3.61,-1.74,1.87,2.2953,-1.8341,0.4612
2011/2/6,3.76,-1.84,1.92,2.5982,-1.94,0.6582
2011/2/7,3.24,-1.91,1.33,2.3586,-1.8272,0.5314
2011/2/8,2.67,-1.95,0.73,2.561,-1.9096,0.6514
2011/2/9,2.91,-1.98,0.93,1.5772,-1.6234,-0.0462
2011/2/10,3.03,-1.90,1.14,1.7479,-1.6637,0.0842
2011/2/11,3.40,-1.86,1.54,1.5257,-1.6103,-0.0846
2011/2/12,3.08,-1.82,1.27,1.5613,-1.6177,-0.0564
2011/2/13,3.01,-1.88,1.13,1.3759,-1.5719,-0.196
2011/2/14,2.94,-1.95,0.99,1.1884,-1.5239,-0.3355
2011/2/15,2.92,-1.84,1.08,1.2252,-1.5561,-0.3309
2011/2/16,1.55,-1.61,-0.06,1.5526,-1.6113,-0.0587
2011/2/17,1.59,-1.62,-0.03,1.5896,-1.6185,-0.0289
2011/2/18,4.31,-1.87,2.44,1.7968,-1.6651,0.1317
2011/2/19,4.12,-1.58,2.54,1.8137,-1.6673,0.1464
2011/2/20,4.16,-1.81,2.35,2.0405,-1.7176,0.3229
2011/2/21,4.19,-1.85,2.35,2.1638,-1.7561,0.4077
2011/2/22,2.34,-1.80,0.54,2.3356,-1.7982,0.5374
2011/2/23,2.81,-1.94,0.87,2.809,-1.9439,0.8651
2011/2/24,3.14,-2.06,1.09,3.1442,-2.0571,1.0871
2011/2/25,2.44,-1.82,0.61,2.4383,-1.8236,0.6147
2011/2/26,2.67,-1.88,0.79,2.6691,-1.8785,0.7906
2011/2/27,2.75,-1.91,0.84,2.7506,-1.908,0.8426
2011/2/28,3.04,-1.97,1.07,2.2795,-1.7695,0.51
2011/3/1,3.84,-2.07,1.77,2.2064,-1.7499,0.4565
2011/3/2,3.83,-1.71,2.12,1.7111,-1.6425,0.0686
2011/3/3,4.27,-1.81,2.47,2.1825,-1.7414,0.4411
2011/3/4,3.29,-1.79,1.50,2.4069,-1.7922,0.6147
2011/3/5,2.38,-1.85,0.53,2.232,-1.7416,0.4904
2011/3/6,2.94,-1.85,1.09,2.5445,-1.8251,0.7194
2011/3/7,3.49,-1.84,1.65,2.4568,-1.7994,0.6574
2011/3/8,4.14,-1.90,2.24,2.9685,-1.9336,1.0349
2011/3/9,4.78,-1.96,2.83,3.0778,-1.9673,1.1105
2011/3/10,5.38,-2.63,2.75,2.9557,-1.9194,1.0363
2011/3/11,4.65,-1.96,2.68,3.2027,-1.9948,1.2079
2011/3/12,4.68,-2.03,2.65,3.5958,-2.1448,1.451
2011/3/13,4.62,-2.08,2.54,3.7965,-2.1864,1.6101
2011/3/14,3.60,-2.13,1.47,3.3317,-2.0005,1.3312
2011/3/15,2.95,-2.00,0.95,3.3409,-2.0246,1.3163
2011/3/16,4.88,-1.98,2.90,2.7227,-1.8445,0.8782
2011/3/17,4.47,-2.01,2.46,3.2069,-1.9799,1.227
2011/3/18,4.07,-2.06,2.01,3.1385,-1.9925,1.146
2011/3/19,3.27,-2.12,1.15,2.8188,-1.874,0.9448
2011/3/20,2.82,-2.18,0.94,2.8212,-1.8763,0.9449
2011/3/21,2.76,-2.03,0.90,2.7633,-1.8607,0.9026
2011/3/22,2.99,-1.95,1.03,2.2019,-1.7214,0.4805
2011/3/23,2.72,-1.99,0.89,2.7228,-1.8377,0.8851
2011/3/24,2.96,-2.02,1.06,2.9571,-1.8993,1.0578
2011/3/25,2.75,-1.86,0.90,2.7451,-1.8436,0.9015
2011/3/26,3.03,-1.87,1.11,3.0279,-1.9136,1.1143
2011/3/27,3.37,-1.93,1.36,3.373,-2.0098,1.3632
2011/3/28,3.68,-1.85,1.58,3.6759,-2.0997,1.5762
2011/3/29,3.19,-2.04,1.24,3.1889,-1.9487,1.2402
2011/3/30,4.33,-2.19,2.14,3.2647,-1.9561,1.3086
2011/3/31,5.13,-2.65,2.48,3.7753,-2.1167,1.6586
2011/4/1,4.48,-2.68,1.80,4.2137,-2.2789,1.9348
2011/4/2,3.68,-2.35,1.33,3.5246,-2.0211,1.5035
2011/4/3,2.87,-2.02,0.86,3.3331,-1.9501,1.383
2011/4/4,4.28,-1.94,2.34,3.0689,-1.8814,1.1875
2011/4/5,3.70,-1.86,1.84,3.2563,-1.9365,1.3198
2011/4/6,3.65,-2.32,1.33,3.4411,-1.9854,1.4557
2011/4/7,4.31,-2.63,1.67,3.6895,-2.0554,1.6341
2011/4/8,4.06,-2.15,1.91,3.9265,-2.1288,1.7977
2011/4/9,4.87,-2.73,2.14,4.3193,-2.2597,2.0596
2011/4/10,5.42,-2.82,2.60,4.502,-2.3618,2.1402
2011/4/11,5.21,-2.00,3.21,3.7379,-2.0561,1.6818
2011/4/12,4.29,-2.16,2.13,4.1317,-2.1839,1.9478
2011/4/13,4.50,-2.35,2.15,4.3604,-2.2819,2.0785
2011/4/14,3.96,-2.24,1.72,4.8088,-2.4393,2.3695
2011/4/15,3.73,-2.43,1.29,4.1061,-2.4164,1.6897
2011/4/16,3.35,-2.33,1.02,4.5777,-2.3244,2.2533
2011/4/17,3.84,-2.31,1.53,4.2696,-2.2275,2.0421
2011/4/18,3.93,-2.15,1.79,4.3415,-2.2255,2.116
2011/4/19,4.30,-2.25,2.05,3.8448,-2.0634,1.7814
2011/4/20,4.48,-2.28,2.20,4.4801,-2.282,2.1981
2011/4/21,4.42,-2.22,2.20,4.4237,-2.2201,2.2036
2011/4/22,4.56,-2.33,2.30,4.5615,-2.2618,2.2997
2011/4/23,4.53,-2.31,2.25,4.528,-2.2819,2.2461
2011/4/24,4.56,-2.27,2.29,4.5622,-2.268,2.2942
2011/4/25,4.94,-2.55,2.39,4.9431,-2.5491,2.394
2011/4/26,4.07,-2.49,1.58,5.0126,-2.8757,2.1369
2011/4/27,5.29,-2.29,2.99,4.8921,-2.353,2.5391
2011/4/28,4.77,-2.31,2.46,4.7687,-2.3063,2.4624
2011/4/29,5.06,-2.71,2.35,5.0606,-2.7117,2.3489
2011/4/30,5.20,-2.82,2.38,5.2008,-2.818,2.3828
2011/5/1,3.54,-2.36,1.17,5.3548,-2.5186,2.8362
2011/5/2,4.23,-2.35,1.87,4.7137,-2.2505,2.4632
2011/5/3,4.96,-2.38,2.58,5.1904,-2.4111,2.7793
2011/5/4,4.28,-2.29,1.99,5.1393,-2.3889,2.7504
2011/5/5,4.01,-2.62,1.40,4.8548,-2.2865,2.5683
2011/5/6,5.28,-2.61,2.67,5.6286,-2.625,3.0036
2011/5/7,4.57,-2.61,1.96,5.8415,-2.8616,2.9799
2011/5/8,5.41,-3.09,2.32,5.4137,-3.0889,2.3248
2011/5/9,4.63,-3.01,1.61,4.6253,-3.014,1.6113
2011/5/10,5.95,-2.75,3.20,5.9458,-2.747,3.1988
2011/5/11,5.73,-2.58,3.22,5.7282,-2.5044,3.2238
2011/5/12,4.96,-2.50,2.46,5.3687,-2.4313,2.9374
2011/5/13,6.31,-2.57,3.74,5.9279,-2.5839,3.344
2011/5/14,4.69,-2.47,2.21,5.8293,-2.5435,3.2858
2011/5/15,6.04,-2.54,3.50,6.0059,-2.647,3.3589
2011/5/16,4.89,-2.31,2.58,5.8339,-2.6592,3.1747
2011/5/17,4.28,-2.43,1.85,6.0612,-2.827,3.2342
2011/5/18,4.49,-2.54,1.95,5.9702,-2.938,3.0322
2011/5/19,4.71,-2.65,2.06,5.7093,-3.0548,2.6545
2011/5/20,4.08,-2.58,1.50,6.1271,-2.6862,3.4409
2011/5/21,5.96,-2.48,3.27,5.9563,-2.683,3.2733
2011/5/22,5.95,-2.37,3.41,5.9491,-2.5417,3.4074
2011/5/23,3.85,-2.46,1.39,6.0309,-2.5821,3.4488
2011/5/24,4.42,-2.87,1.55,5.2829,-2.3016,2.9813
2011/5/25,4.79,-3.08,1.71,5.999,-2.5311,3.4679
2011/5/26,5.29,-3.29,2.01,6.2359,-2.6038,3.6321
2011/5/27,4.75,-2.39,2.36,6.1158,-2.5291,3.5867
2011/5/28,5.52,-2.54,2.98,6.0579,-2.4873,3.5706
2011/5/29,6.30,-2.70,3.60,6.1023,-2.5962,3.5061
2011/5/30,4.93,-2.73,2.19,6.3981,-2.8847,3.5134
2011/5/31,4.81,-2.63,2.19,6.5957,-2.7161,3.8796
2011/6/1,4.70,-2.52,2.18,6.3783,-2.6937,3.6846
2011/6/2,4.88,-2.68,2.20,6.6375,-3.0041,3.6334
2011/6/3,4.49,-2.85,1.65,6.7234,-2.7941,3.9293
2011/6/4,6.25,-2.58,3.43,6.2503,-2.8188,3.4315
2011/6/5,5.74,-2.63,3.01,5.7412,-2.7354,3.0058
2011/6/6,6.19,-3.22,2.98,6.0675,-2.6091,3.4584
2011/6/7,5.67,-3.26,2.41,5.8844,-2.7217,3.1627
2011/6/8,4.97,-3.12,1.85,5.4646,-3.0273,2.4373
2011/6/9,5.57,-2.74,2.83,6.4627,-2.8788,3.5839
2011/6/10,5.55,-2.80,2.75,6.5576,-2.9197,3.6379
2011/6/11,5.46,-2.74,2.71,6.1827,-2.8037,3.379
2011/6/12,5.37,-2.70,2.67,6.5299,-2.9692,3.5607
2011/6/13,5.59,-2.62,2.81,5.5866,-2.7771,2.8095
2011/6/14,5.37,-2.93,2.68,5.3655,-2.6848,2.6807
2011/6/15,6.55,-2.59,3.96,6.5528,-2.5964,3.9564
2011/6/16,6.13,-2.72,3.40,6.1271,-2.7223,3.4048
2011/6/17,6.05,-2.93,3.11,6.0464,-2.9315,3.1149
2011/6/18,4.51,-2.76,1.75,5.6285,-2.7555,2.873
2011/6/19,4.79,-2.65,2.14,6.2185,-2.6553,3.5632
2011/6/20,5.19,-2.65,2.54,6.7163,-2.7227,3.9936
2011/6/21,5.28,-2.91,2.36,6.1108,-2.8479,3.2629
2011/6/22,4.86,-2.83,2.02,6.2796,-3.2069,3.0727
2011/6/23,6.24,-2.69,3.55,6.5038,-3.2648,3.239
2011/6/24,6.81,-2.86,4.04,6.8079,-2.7642,4.0437
2011/6/25,6.87,-2.76,3.90,6.8739,-2.9749,3.899
2011/6/26,6.12,-2.70,3.42,6.9255,-2.8432,4.0823
2011/6/27,5.54,-2.68,2.86,6.99,-3.0553,3.9347
2011/6/28,5.06,-2.76,2.30,6.5662,-3.2125,3.3537
2011/6/29,5.41,-2.85,2.56,6.0289,-3.0494,2.9795
2011/6/30,4.83,-2.81,2.02,5.4111,-3.0822,2.3289
2011/7/1,4.39,-2.64,1.74,6.2822,-3.2648,3.0174
2011/7/2,6.20,-2.47,2.74,6.1973,-3.4571,2.7402
2011/7/3,6.31,-2.75,2.87,6.305,-3.4396,2.8654
2011/7/4,6.53,-2.89,3.13,6.526,-3.3925,3.1335
2011/7/5,5.62,-2.98,2.63,6.5722,-3.3848,3.1874
2011/7/6,6.01,-2.76,3.25,5.6644,-3.5367,2.1277
2011/7/7,6.95,-3.10,3.86,6.7006,-3.257,3.4436
2011/7/8,5.66,-3.12,2.54,5.9178,-3.0721,2.8457
2011/7/9,4.18,-2.87,1.31,5.4613,-3.0607,2.4006
2011/7/10,6.00,-2.93,3.08,6.3746,-3.2345,3.1401
2011/7/11,5.65,-2.92,2.74,6.1807,-3.2019,2.9788
2011/7/12,4.85,-2.82,2.03,6.6299,-3.0987,3.5312
2011/7/13,4.15,-2.82,1.32,5.869,-3.0618,2.8072
2011/7/14,4.35,-2.82,1.52,6.1637,-3.0927,3.071
2011/7/15,4.45,-2.78,1.67,6.3264,-2.8846,3.4418
2011/7/16,4.67,-2.85,1.82,5.9901,-3.0621,2.928
2011/7/17,5.10,-2.88,2.21,6.4974,-3.1396,3.3578
2011/7/18,5.50,-2.90,2.60,6.2921,-3.0432,3.2489
2011/7/19,4.04,-2.84,1.20,5.4955,-2.9038,2.5917
2011/7/20,6.05,-2.86,3.19,5.8642,-3.0791,2.7851
2011/7/21,6.38,-2.93,3.46,5.2015,-3.1952,2.0063
2011/7/22,5.58,-2.96,2.62,5.1767,-3.3193,1.8574
2011/7/23,5.09,-2.95,2.14,6.3596,-3.2048,3.1548
2011/7/24,6.27,-3.00,3.27,6.0524,-3.3043,2.7481
2011/7/25,6.30,-2.83,3.47,5.5348,-3.428,2.1068
2011/7/26,6.13,-2.73,3.40,5.6398,-3.4791,2.1607
2011/7/27,6.33,-3.01,3.32,5.6502,-3.4433,2.2069
2011/7/28,6.59,-3.04,3.55,5.9084,-3.4356,2.4728
2011/7/29,6.77,-3.03,3.74,5.6114,-3.4891,2.1223
2011/7/30,6.58,-3.03,3.56,6.0724,-3.3146,2.7578
2011/7/31,6.37,-3.00,3.37,5.6324,-3.2925,2.3399
2011/8/1,5.56,-2.96,2.60,5.9858,-3.1823,2.8035
2011/8/2,5.78,-2.98,2.80,6.3289,-3.2222,3.1067
2011/8/3,5.95,-2.99,2.96,5.8696,-3.1911,2.6785
2011/8/4,4.61,-2.93,1.68,5.3033,-3.0342,2.2691
2011/8/5,5.88,-3.15,2.70,5.8789,-3.1756,2.7033
2011/8/6,5.70,-2.72,2.59,5.7044,-3.1154,2.589
2011/8/7,5.54,-2.93,2.61,5.8318,-3.1296,2.7022
2011/8/8,5.60,-2.90,2.70,6.3875,-3.0513,3.3362
2011/8/9,5.88,-2.94,2.95,5.8743,-3.1422,2.7321
2011/8/10,6.04,-3.01,3.03,5.5564,-3.315,2.2414
2011/8/11,6.17,-2.97,3.20,6.0954,-3.1597,2.9357
2011/8/12,5.78,-2.77,3.01,5.338,-3.0487,2.2893
2011/8/13,5.80,-2.98,2.82,5.8152,-3.0801,2.7351
2011/8/14,5.02,-2.89,2.13,5.5923,-3.158,2.4343
2011/8/15,6.10,-2.99,3.12,5.8026,-3.2136,2.589
2011/8/16,6.16,-3.02,3.14,5.0769,-3.4109,1.666
2011/8/17,5.76,-3.01,2.75,4.6995,-3.3109,1.3886
2011/8/18,5.67,-3.01,2.66,4.8542,-3.344,1.5102
2011/8/19,5.32,-2.32,2.99,5.5993,-3.1781,2.4212
2011/8/20,6.14,-2.82,3.32,5.9893,-3.1187,2.8706
2011/8/21,5.61,-2.86,2.75,5.8106,-2.9886,2.822
2011/8/22,4.79,-2.85,1.94,5.4991,-2.9383,2.5608
2011/8/23,5.30,-2.75,2.40,5.2974,-2.8938,2.4036
2011/8/24,5.08,-2.85,2.21,5.0811,-2.8699,2.2112
2011/8/25,5.43,-2.71,2.72,5.4275,-2.7082,2.7193
2011/8/26,5.04,-2.94,2.09,5.0398,-2.9449,2.0949
2011/8/27,5.53,-3.10,2.43,5.5284,-3.097,2.4314
2011/8/28,5.66,-2.34,3.32,5.2906,-2.9833,2.3073
2011/8/29,5.82,-2.50,3.32,5.2739,-2.9945,2.2794
2011/8/30,5.71,-2.65,3.05,5.0408,-2.8665,2.1743
2011/8/31,5.85,-3.07,2.78,5.0466,-3.0367,2.0099
2011/9/1,5.66,-2.71,2.96,5.7388,-2.986,2.7528
2011/9/2,5.89,-2.75,3.13,5.7756,-2.9826,2.793
2011/9/3,4.77,-2.74,2.03,5.7605,-2.956,2.8045
2011/9/4,4.77,-2.52,2.25,5.6857,-2.9101,2.7756
2011/9/5,4.65,-2.60,2.05,5.6457,-2.8321,2.8136
2011/9/6,5.03,-2.57,2.47,5.5886,-2.8125,2.7761
2011/9/7,4.57,-2.71,1.86,5.5754,-2.81,2.7654
2011/9/8,4.26,-2.85,1.41,5.4737,-2.9193,2.5544
2011/9/9,4.33,-2.69,1.64,5.2329,-2.9056,2.3273
2011/9/10,4.98,-2.67,2.31,5.214,-2.8682,2.3458
2011/9/11,4.14,-2.27,1.87,4.4789,-2.6868,1.7921
2011/9/12,5.73,-2.75,2.99,5.1945,-2.9136,2.2809
2011/9/13,5.50,-3.23,2.28,5.0357,-2.9604,2.0753
2011/9/14,5.78,-2.92,2.86,4.7605,-3.0313,1.7292
2011/9/15,3.86,-2.61,1.25,4.846,-3.0037,1.8423
2011/9/16,3.99,-2.64,1.35,4.9042,-3.0063,1.8979
2011/9/17,6.27,-3.02,3.25,4.7566,-2.6463,2.1103
2011/9/18,5.79,-2.69,3.10,4.6,-2.5891,2.0109
2011/9/19,6.02,-2.99,3.03,3.8397,-2.2813,1.5584
2011/9/20,5.59,-2.63,2.96,3.8912,-2.2942,1.597
2011/9/21,4.28,-2.26,1.85,4.2758,-2.4247,1.8511
2011/9/22,4.32,-2.21,1.87,4.3196,-2.4501,1.8695
2011/9/23,4.52,-2.19,1.97,4.5185,-2.5461,1.9724
2011/9/24,4.54,-2.05,1.97,4.5437,-2.5762,1.9675
2011/9/25,5.00,-2.13,2.86,3.7111,-2.4953,1.2158
2011/9/26,4.84,-2.26,2.58,3.5991,-2.5739,1.0252
2011/9/27,5.08,-2.73,2.35,3.0501,-2.5748,0.4753
2011/9/28,4.78,-2.59,2.18,4.5985,-2.8258,1.7727
2011/9/29,4.76,-2.74,2.02,4.2529,-2.5821,1.6708
2011/9/30,4.36,-2.45,1.91,3.5057,-2.3287,1.177
2011/10/1,4.03,-2.21,1.82,3.4487,-2.2393,1.2094
2011/10/2,3.83,-1.97,1.86,3.3577,-2.1977,1.16
2011/10/3,3.70,-2.09,1.61,3.3388,-2.2211,1.1177
2011/10/4,3.83,-2.21,1.62,3.3861,-2.2111,1.175
2011/10/5,3.78,-2.26,1.52,3.6249,-2.2982,1.3267
2011/10/6,3.65,-2.13,1.52,3.8205,-2.3836,1.4369
2011/10/7,3.91,-2.39,1.52,3.9912,-2.4777,1.5135
2011/10/8,3.93,-2.46,1.46,3.9261,-2.4622,1.4639
2011/10/9,3.96,-2.49,1.47,3.9582,-2.4881,1.4701
2011/10/10,4.02,-2.53,1.49,4.0221,-2.5306,1.4915
2011/10/11,3.43,-2.31,1.11,3.1317,-2.4738,0.6579
2011/10/12,3.54,-2.43,1.11,3.9264,-2.4722,1.4542
2011/10/13,4.56,-2.55,2.02,3.4406,-2.3619,1.0787
2011/10/14,5.36,-2.44,2.93,3.7126,-2.3856,1.327
2011/10/15,4.33,-1.83,2.50,3.7225,-2.3885,1.334
2011/10/16,4.66,-2.20,2.46,3.7834,-2.4308,1.3526
2011/10/17,4.40,-2.32,2.08,3.9055,-2.5002,1.4053
2011/10/18,4.50,-2.07,2.42,3.5861,-2.3431,1.243
2011/10/19,3.90,-1.99,1.91,3.3241,-2.2356,1.0885
2011/10/20,3.65,-2.25,1.39,3.5175,-2.341,1.1765
2011/10/21,4.27,-2.13,2.14,3.606,-2.3765,1.2295
2011/10/22,4.23,-2.48,1.75,3.6476,-2.4023,1.2453
2011/10/23,3.32,-2.49,1.06,3.319,-2.2581,1.0609
2011/10/24,3.20,-2.51,0.98,3.1957,-2.2158,0.9799
2011/10/25,3.38,-2.01,1.37,2.6989,-2.0598,0.6391
2011/10/26,3.41,-2.14,1.27,3.0185,-2.1456,0.8729
2011/10/27,3.26,-2.27,0.99,3.1841,-2.2166,0.9675
2011/10/28,2.87,-2.08,0.80,3.1208,-2.2097,0.9111
2011/10/29,2.94,-2.14,0.80,3.1422,-2.2262,0.916
2011/10/30,3.35,-2.55,0.80,3.0386,-2.2129,0.8257
2011/10/31,2.92,-2.12,0.80,3.2906,-2.2651,1.0255
2011/11/1,3.46,-2.43,1.03,3.3902,-2.3304,1.0598
2011/11/2,2.72,-2.45,0.28,2.7869,-2.2693,0.5176
2011/11/3,3.58,-2.42,1.17,3.5324,-2.4389,1.0935
2011/11/4,3.20,-2.48,0.71,3.497,-2.5742,0.9228
2011/11/5,3.15,-2.55,0.61,3.0681,-2.2338,0.8343
2011/11/6,3.02,-2.58,0.80,3.0184,-2.2187,0.7997
2011/11/7,3.05,-2.61,0.82,3.0451,-2.2261,0.819
2011/11/8,2.97,-2.44,0.77,2.9667,-2.1981,0.7686
2011/11/9,2.45,-2.27,0.18,2.159,-2.0082,0.1508
2011/11/10,2.60,-1.88,0.72,2.4775,-2.0297,0.4478
2011/11/11,3.20,-1.94,1.26,2.5459,-2.029,0.5169
2011/11/12,3.42,-1.87,1.55,2.94,-2.1987,0.7413
2011/11/13,3.18,-1.96,1.22,2.7425,-2.1243,0.6182
2011/11/14,3.63,-2.35,1.28,2.7527,-2.1381,0.6146
2011/11/15,3.73,-2.38,1.35,2.5789,-2.1308,0.4481
2011/11/16,3.69,-2.26,1.43,2.7517,-2.2066,0.5451
2011/11/17,3.58,-2.36,1.22,3.1598,-2.5009,0.6589
2011/11/18,3.47,-2.46,1.01,2.9742,-2.4224,0.5518
2011/11/19,2.04,-2.49,-0.46,2.2988,-2.0717,0.2271
2011/11/20,2.58,-2.06,0.53,1.9912,-1.9672,0.024
2011/11/21,2.00,-2.19,0.06,1.9986,-1.9373,0.0613
2011/11/22,2.40,-2.53,0.30,2.3999,-2.1047,0.2952
2011/11/23,2.14,-1.95,0.15,2.1353,-1.9859,0.1494
2011/11/24,1.82,-2.26,-0.04,1.8214,-1.8596,-0.0382
2011/11/25,3.36,-2.45,0.91,2.3396,-2.0667,0.2729
2011/11/26,3.55,-2.65,0.90,2.5846,-2.1933,0.3913
2011/11/27,3.52,-2.07,1.45,2.7977,-2.3247,0.473
2011/11/28,4.42,-2.43,1.99,2.0626,-1.9667,0.0959
2011/11/29,3.41,-2.48,0.93,2.0114,-1.9515,0.0599
2011/11/30,2.39,-2.53,-0.14,1.9127,-1.9148,-0.0021
2011/12/1,1.80,-2.18,-0.38,1.0176,-1.6306,-0.613
2011/12/2,1.53,-1.77,-0.22,1.5303,-1.7542,-0.2239
2011/12/3,1.98,-2.06,0.05,1.9831,-1.9341,0.049
2011/12/4,2.29,-2.14,0.25,2.291,-2.0416,0.2494
2011/12/5,2.68,-2.21,0.41,2.6752,-2.2618,0.4134
2011/12/6,1.91,-2.09,-0.19,1.883,-1.8835,-0.0005
2011/12/7,1.44,-1.98,-0.29,1.4446,-1.7366,-0.292
2011/12/8,1.89,-1.92,-0.01,1.8909,-1.8977,-0.0068
2011/12/9,2.17,-1.96,0.21,1.9336,-1.9202,0.0134
2011/12/10,2.60,-2.00,0.60,2.3987,-2.1213,0.2774
2011/12/11,3.29,-1.90,1.38,1.6146,-1.7939,-0.1793
2011/12/12,1.82,-2.03,-0.20,1.5889,-1.7855,-0.1966
2011/12/13,3.05,-2.11,0.94,1.5993,-1.7895,-0.1902
2011/12/14,1.68,-1.97,-0.14,1.6803,-1.8234,-0.1431
2011/12/15,0.74,-1.84,-0.76,0.7372,-1.4946,-0.7574
2011/12/16,0.68,-2.31,-0.79,0.6753,-1.4686,-0.7933
2011/12/17,1.04,-1.70,-0.58,1.0386,-1.618,-0.5794
2011/12/18,2.73,-1.73,0.99,1.6949,-1.8208,-0.1259
2011/12/19,2.97,-1.91,1.06,2.1019,-2.0062,0.0957
2011/12/20,2.88,-1.73,1.14,1.8183,-1.8953,-0.077
2011/12/21,3.50,-2.26,1.23,1.939,-1.9399,-0.0009
2011/12/22,2.40,-1.94,0.46,2.0696,-2.0039,0.0657
2011/12/23,1.67,-2.09,-0.16,1.6684,-1.8247,-0.1563
2011/12/24,1.75,-1.97,-0.10,1.7506,-1.85,-0.0994
2011/12/25,0.80,-1.86,-0.71,0.7975,-1.5088,-0.7113
2011/12/26,1.10,-1.79,-0.52,1.1031,-1.6249,-0.5218
2011/12/27,1.74,-1.78,-0.08,1.7442,-1.828,-0.0838
2011/12/28,1.79,-2.05,-0.08,1.7922,-1.8765,-0.0843
2011/12/29,1.82,-1.94,-0.03,1.8207,-1.8532,-0.0325
2011/12/30,1.16,-1.70,-0.48,1.1649,-1.6421,-0.4772
2011/12/31,0.83,-1.59,-0.70,0.8253,-1.5249,-0.6996
2012/1/1,2.01,-1.62,0.29,2.0108,-1.7212,0.2896
2012/1/2,2.67,-1.85,0.81,2.1302,-1.6984,0.4318
2012/1/3,1.75,-1.63,0.13,1.7523,-1.6263,0.126
2012/1/4,1.78,-1.59,0.19,1.4935,-1.5727,-0.0792
2012/1/5,2.14,-1.90,0.24,1.5533,-1.5775,-0.0242
2012/1/6,2.12,-1.74,0.38,2.0524,-1.684,0.3684
2012/1/7,2.48,-2.03,0.46,2.0661,-1.6814,0.3847
2012/1/8,2.19,-1.69,0.50,1.7341,-1.6795,0.0546
2012/1/9,2.47,-1.95,0.52,1.6149,-1.6918,-0.0769
2012/1/10,2.47,-1.94,0.53,2.1708,-1.7359,0.4349
2012/1/11,2.40,-1.86,0.54,2.0728,-1.68,0.3928
2012/1/12,2.58,-1.78,0.80,1.9146,-1.6467,0.2679
2012/1/13,1.96,-1.72,0.24,1.9627,-1.7188,0.2439
2012/1/14,1.79,-1.89,-0.10,1.5702,-1.6877,-0.1175
2012/1/15,1.53,-1.86,-0.33,1.8657,-1.6585,0.2072
2012/1/16,3.14,-1.86,1.29,1.8596,-1.6528,0.2068
2012/1/17,3.04,-2.03,1.00,2.3304,-1.7393,0.5911
2012/1/18,2.59,-1.93,0.66,1.9625,-1.7416,0.2209
2012/1/19,2.62,-2.31,0.31,1.7603,-1.7208,0.0395
2012/1/20,2.00,-2.23,0.33,1.9978,-1.6725,0.3253
2012/1/21,1.55,-1.44,-0.03,1.5528,-1.5852,-0.0324
2012/1/22,1.20,-1.84,-0.36,1.1965,-1.5596,-0.3631
2012/1/23,1.13,-1.62,-0.42,1.1313,-1.5496,-0.4183
2012/1/24,1.13,-2.24,-0.43,1.1253,-1.5505,-0.4252
2012/1/25,1.13,-1.97,-0.43,1.1317,-1.56,-0.4283
2012/1/26,2.26,-1.65,0.61,1.6965,-1.6054,0.0911
2012/1/27,2.81,-1.96,0.85,2.2476,-1.709,0.5386
2012/1/28,2.85,-1.89,0.96,1.854,-1.728,0.126
2012/1/29,3.42,-2.40,1.02,2.1149,-1.6999,0.415
2012/1/30,3.06,-2.01,1.05,1.7951,-1.6491,0.146
2012/1/31,3.41,-2.32,1.08,2.6461,-1.7854,0.8607
2012/2/1,3.04,-1.90,1.14,2.2045,-1.6885,0.516
2012/2/2,2.69,-1.50,1.19,1.5838,-1.5646,0.0192
2012/2/3,3.27,-1.67,1.60,1.4993,-1.5932,-0.0939
2012/2/4,3.06,-2.03,1.03,2.3062,-1.7099,0.5963
2012/2/5,2.54,-2.08,0.47,2.2481,-1.7307,0.5174
2012/2/6,2.54,-2.21,0.32,2.3058,-1.745,0.5608
2012/2/7,1.38,-2.01,-0.16,1.3837,-1.5392,-0.1555
2012/2/8,1.13,-1.61,-0.37,1.129,-1.5021,-0.3731
2012/2/9,1.47,-1.50,-0.07,1.4687,-1.5337,-0.065
2012/2/10,1.42,-1.85,-0.10,1.4237,-1.5285,-0.1048
2012/2/11,2.39,-2.21,0.18,1.7774,-1.5968,0.1806
2012/2/12,2.20,-1.75,0.45,2.1534,-1.6863,0.4671
2012/2/13,3.13,-2.24,0.89,1.8866,-1.7113,0.1753
2012/2/14,3.05,-2.26,0.79,1.9965,-1.7168,0.2797
2012/2/15,2.62,-2.11,0.51,2.115,-1.6601,0.4549
2012/2/16,2.41,-2.18,0.24,1.8981,-1.6184,0.2797
2012/2/17,1.79,-1.35,0.44,2.2463,-1.6764,0.5699
2012/2/18,2.67,-1.96,0.72,1.8317,-1.6061,0.2256
2012/2/19,3.01,-1.67,1.34,2.0399,-1.6567,0.3832
2012/2/20,2.58,-1.89,0.69,1.7899,-1.6618,0.1281
2012/2/21,2.39,-2.16,0.23,2.0785,-1.7534,0.3251
2012/2/22,2.64,-1.88,0.76,2.6426,-1.8779,0.7647
2012/2/23,2.27,-1.78,0.49,2.2651,-1.7771,0.488
2012/2/24,1.81,-1.93,0.06,1.8088,-1.7469,0.0619
2012/2/25,1.75,-1.80,0.05,1.7481,-1.7023,0.0458
2012/2/26,2.86,-1.72,1.14,1.8053,-1.6556,0.1497
2012/2/27,3.09,-1.80,1.29,1.6225,-1.6114,0.0111
2012/2/28,3.12,-1.80,1.31,1.5612,-1.6255,-0.0643
2012/2/29,3.28,-1.84,1.44,2.1571,-1.7264,0.4307
2012/3/1,3.22,-1.88,1.34,2.3548,-1.8036,0.5512
2012/3/2,2.71,-1.92,0.79,1.9676,-1.7594,0.2082
2012/3/3,1.77,-1.70,0.07,1.7749,-1.7033,0.0716
2012/3/4,2.14,-1.91,0.24,2.0787,-1.7498,0.3289
2012/3/5,2.00,-1.92,0.08,1.7754,-1.75,0.0254
2012/3/6,2.80,-2.22,0.59,2.4921,-1.8065,0.6856
2012/3/7,1.98,-1.70,0.27,1.9784,-1.7038,0.2746
2012/3/8,1.74,-1.66,0.08,1.7404,-1.6566,0.0838
2012/3/9,2.51,-1.75,0.76,2.0432,-1.7082,0.335
2012/3/10,2.11,-1.69,0.42,2.059,-1.702,0.357
2012/3/11,2.27,-1.73,0.54,2.4052,-1.7829,0.6223
2012/3/12,4.12,-1.87,2.24,2.2046,-1.7328,0.4718
2012/3/13,3.54,-2.11,1.42,2.6363,-1.8256,0.8107
2012/3/14,3.62,-2.57,1.05,3.3026,-2.0242,1.2784
2012/3/15,3.22,-2.54,0.68,2.8311,-1.9396,0.8915
2012/3/16,4.39,-2.37,2.02,2.8151,-1.9522,0.8629
2012/3/17,3.91,-2.51,1.39,2.8116,-1.9306,0.881
2012/3/18,3.99,-2.17,1.81,3.5169,-2.0652,1.4517
2012/3/19,3.98,-2.04,1.94,2.4666,-1.813,0.6536
2012/3/20,3.69,-1.96,1.73,1.9765,-1.7273,0.2492
2012/3/21,4.30,-2.24,2.06,3.0331,-1.8961,1.137
2012/3/22,3.94,-2.42,1.52,3.4364,-2.0134,1.423
2012/3/23,4.10,-1.96,2.15,2.7884,-1.8528,0.9356
2012/3/24,3.66,-1.93,1.74,3.4384,-2.0357,1.4027
2012/3/25,3.72,-2.06,1.66,3.8049,-2.155,1.6499
2012/3/26,4.01,-2.23,1.78,4.006,-2.2255,1.7805
2012/3/27,3.02,-2.07,0.94,4.2192,-2.3157,1.9035
2012/3/28,4.53,-2.46,2.08,4.5349,-2.458,2.0769
2012/3/29,3.88,-2.69,1.19,4.1268,-2.2282,1.8986
2012/3/30,3.49,-2.18,1.31,3.6025,-2.0483,1.5542
2012/3/31,3.52,-2.09,1.43,3.7641,-2.0706,1.6935
2012/4/1,3.88,-2.24,1.63,4.3462,-2.3199,2.0263
2012/4/2,4.60,-2.40,2.20,4.5732,-2.4223,2.1509
2012/4/3,3.89,-2.21,1.68,3.8334,-2.0835,1.7499
2012/4/4,3.42,-2.04,1.38,3.6057,-2.1265,1.4792
2012/4/5,4.61,-2.32,2.29,4.6127,-2.3194,2.2933
2012/4/6,4.49,-2.32,2.17,4.4949,-2.3225,2.1724
2012/4/7,4.80,-2.40,2.40,4.7975,-2.4016,2.3959
2012/4/8,4.59,-2.87,2.27,4.593,-2.322,2.271
2012/4/9,4.15,-2.16,1.89,4.1513,-2.2629,1.8884
2012/4/10,5.07,-2.50,2.57,5.0685,-2.4998,2.5687
2012/4/11,3.79,-2.45,1.34,4.828,-2.3701,2.4579
2012/4/12,4.61,-2.27,2.34,4.6061,-2.2671,2.339
2012/4/13,3.10,-2.28,0.82,3.4648,-2.1818,1.283
2012/4/14,4.62,-2.30,2.32,4.6191,-2.2975,2.3216
2012/4/15,4.23,-2.33,1.91,4.4441,-2.2328,2.2113
2012/4/16,3.77,-2.25,1.52,4.8141,-2.3506,2.4635
2012/4/17,3.54,-2.34,1.20,4.7799,-2.3355,2.4444
2012/4/18,4.15,-2.43,1.71,4.6396,-2.2688,2.3708
2012/4/19,3.36,-2.00,1.36,5.1193,-2.4427,2.6766
2012/4/20,3.85,-2.18,1.66,4.2018,-2.2291,1.9727
2012/4/21,3.78,-2.37,1.42,4.6633,-2.2802,2.3831
2012/4/22,5.21,-2.54,2.67,5.2065,-2.5366,2.6699
2012/4/23,5.36,-2.83,2.53,5.361,-2.8293,2.5317
2012/4/24,4.92,-2.63,2.29,4.9174,-2.6277,2.2897
2012/4/25,4.84,-2.37,2.47,4.8399,-2.3662,2.4737
2012/4/26,5.11,-2.40,2.71,5.1093,-2.4033,2.706
2012/4/27,5.52,-2.65,2.87,5.5158,-2.6467,2.8691
2012/4/28,5.65,-2.72,2.92,5.6461,-2.7222,2.9239
2012/4/29,4.94,-2.64,2.30,4.9361,-2.6357,2.3004
2012/4/30,5.14,-2.56,2.59,4.4491,-2.4637,1.9854
2012/5/1,5.00,-2.50,2.50,5.1357,-2.4262,2.7095
2012/5/2,5.04,-2.42,2.62,5.4859,-2.4754,3.0105
2012/5/3,5.34,-2.51,2.83,5.0286,-2.5553,2.4733
2012/5/4,5.57,-2.71,2.86,5.7265,-2.7821,2.9444
2012/5/5,5.22,-2.41,2.81,5.8456,-2.8171,3.0285
2012/5/6,4.80,-2.33,2.47,5.7718,-2.9351,2.8367
2012/5/7,5.67,-2.91,2.75,5.6655,-2.9108,2.7547
2012/5/8,3.36,-2.57,0.79,3.3606,-2.5696,0.791
2012/5/9,5.64,-2.50,3.14,5.64,-2.5008,3.1392
2012/5/10,5.71,-2.56,3.15,5.7109,-2.5644,3.1465
2012/5/11,5.58,-2.54,3.05,5.5814,-2.5351,3.0463
2012/5/12,5.86,-2.65,3.21,5.8602,-2.6507,3.2095
2012/5/13,5.34,-2.60,2.74,4.1226,-2.5592,1.5634
2012/5/14,5.73,-2.96,2.77,5.0365,-2.3727,2.6638
2012/5/15,5.74,-2.51,3.23,5.7431,-2.5105,3.2326
2012/5/16,5.92,-2.74,3.18,5.922,-2.7434,3.1786
2012/5/17,5.94,-2.84,3.10,5.9417,-2.8448,3.0969
2012/5/18,6.02,-2.87,3.15,6.0238,-2.8727,3.1511
2012/5/19,5.37,-2.57,2.79,5.613,-2.4472,3.1658
2012/5/20,5.33,-2.51,2.82,3.6192,-2.2958,1.3234
2012/5/21,4.93,-2.44,2.49,5.6861,-2.4695,3.2166
2012/5/22,4.50,-2.30,2.20,5.7537,-2.4985,3.2552
2012/5/23,5.02,-2.47,2.55,5.018,-2.4684,2.5496
2012/5/24,5.16,-2.41,2.75,5.1578,-2.4089,2.7489
2012/5/25,4.22,-2.88,1.78,4.2204,-2.4441,1.7763
2012/5/26,4.79,-3.04,1.75,5.7954,-2.5147,3.2807
2012/5/27,4.90,-2.78,2.12,5.9279,-2.5908,3.3371
2012/5/28,5.63,-2.98,2.65,5.9696,-2.6129,3.3567
2012/5/29,6.18,-2.69,3.48,6.1758,-2.6912,3.4846
2012/5/30,3.66,-2.44,1.22,3.6597,-2.442,1.2177
2012/5/31,4.93,-3.14,1.79,5.5188,-2.5007,3.0181
2012/6/1,4.94,-2.66,2.28,5.4822,-2.4942,2.988
2012/6/2,4.83,-2.80,2.03,5.8965,-2.4944,3.4021
2012/6/3,4.32,-2.56,1.76,6.2579,-2.5986,3.6593
2012/6/4,6.01,-3.21,3.38,6.0087,-2.6264,3.3823
2012/6/5,5.59,-3.23,2.89,5.5868,-2.7,2.8868
2012/6/6,3.93,-2.62,1.31,3.9308,-2.6206,1.3102
2012/6/7,5.21,-2.67,2.54,5.8314,-2.7922,3.0392
2012/6/8,6.05,-3.00,3.05,6.0455,-2.9956,3.0499
2012/6/9,5.99,-3.06,2.94,5.9938,-3.0565,2.9373
2012/6/10,5.88,-2.78,2.89,5.8771,-2.9887,2.8884
2012/6/11,4.72,-2.75,1.97,6.3942,-2.8259,3.5683
2012/6/12,4.36,-2.76,1.60,6.5258,-2.965,3.5608
2012/6/13,4.68,-2.77,1.90,6.4013,-2.9639,3.4374
2012/6/14,4.67,-2.77,1.90,6.781,-2.9127,3.8683
2012/6/15,5.64,-2.73,2.91,6.9177,-2.9839,3.9338
2012/6/16,5.92,-2.82,3.10,7.0451,-2.9231,4.122
2012/6/17,3.65,-2.75,0.90,4.5649,-2.7171,1.8478
2012/6/18,3.87,-2.69,1.19,5.3349,-2.8371,2.4978
2012/6/19,5.52,-2.86,2.67,5.5225,-2.8554,2.6671
2012/6/20,5.54,-3.17,2.37,7.04,-2.8925,4.1475
2012/6/21,7.25,-3.02,4.24,7.2533,-3.0181,4.2352
2012/6/22,5.83,-2.80,3.03,5.8336,-2.8003,3.0333
2012/6/23,5.52,-2.78,2.75,5.5246,-2.7796,2.745
2012/6/24,6.05,-2.93,3.12,6.0494,-2.9319,3.1175
2012/6/25,7.26,-3.01,4.25,7.2626,-3.0083,4.2543
2012/6/26,5.84,-3.03,2.81,5.8399,-3.0306,2.8093
2012/6/27,6.14,-2.90,3.24,6.1395,-2.9043,3.2352
2012/6/28,6.21,-3.04,3.17,6.2073,-3.0357,3.1716
2012/6/29,6.30,-3.32,2.98,6.3034,-3.3217,2.9817
2012/6/30,5.34,-3.47,1.87,5.3395,-3.4728,1.8667
2012/7/1,5.87,-3.35,2.51,5.8682,-3.3542,2.514
2012/7/2,5.85,-3.44,2.41,5.8466,-3.4402,2.4064
2012/7/3,5.53,-3.51,2.01,5.5251,-3.5107,2.0144
2012/7/4,5.10,-3.57,1.52,5.0977,-3.5743,1.5234
2012/7/5,5.85,-3.46,2.39,5.8494,-3.4624,2.387
2012/7/6,4.87,-3.48,1.40,4.8749,-3.4795,1.3954
2012/7/7,6.33,-3.26,3.07,6.3284,-3.256,3.0724
2012/7/8,5.61,-3.42,2.19,5.6119,-3.4216,2.1903
2012/7/9,5.20,-3.50,1.70,5.1974,-3.4993,1.6981
2012/7/10,5.07,-3.47,1.60,5.0739,-3.474,1.5999
2012/7/11,5.26,-3.43,1.84,5.2632,-3.4281,1.8351
2012/7/12,6.48,-3.28,3.19,6.475,-3.2805,3.1945
2012/7/13,5.44,-3.25,2.19,5.4444,-3.2526,2.1918
2012/7/14,5.55,-3.41,2.14,5.5548,-3.4141,2.1407
2012/7/15,6.03,-3.08,2.95,6.0267,-3.0753,2.9514
2012/7/16,5.75,-3.14,2.61,5.7463,-3.14,2.6063
2012/7/17,5.88,-2.94,2.94,5.8819,-2.9393,2.9426
2012/7/18,6.96,-3.02,3.94,6.961,-3.0193,3.9417
2012/7/19,6.86,-3.16,3.70,6.8589,-3.1609,3.698
2012/7/20,6.54,-3.17,3.37,6.5411,-3.1704,3.3707
2012/7/21,6.44,-3.30,3.13,6.4374,-3.3046,3.1328
2012/7/22,6.43,-3.37,3.07,6.4325,-3.3675,3.065
2012/7/23,6.16,-3.33,2.83,6.1632,-3.3318,2.8314
2012/7/24,6.25,-3.32,2.93,6.2467,-3.315,2.9317
2012/7/25,6.40,-3.36,3.05,6.4034,-3.3553,3.0481
2012/7/26,6.03,-3.34,2.68,6.025,-3.3405,2.6845
2012/7/27,5.96,-3.30,2.67,5.9628,-3.2965,2.6663
2012/7/28,5.37,-3.56,1.81,5.372,-3.5604,1.8116
2012/7/29,5.11,-3.60,1.51,5.1102,-3.6041,1.5061
2012/7/30,5.00,-3.62,1.38,4.9983,-3.6172,1.3811
2012/7/31,5.68,-3.46,2.22,5.6777,-3.4554,2.2223
2012/8/1,5.83,-3.20,2.63,5.8262,-3.1966,2.6296
2012/8/2,4.77,-3.08,1.69,4.7673,-3.0796,1.6877
2012/8/3,4.20,-3.10,1.10,4.2021,-3.1003,1.1018
2012/8/4,5.75,-3.16,2.59,5.7528,-3.1581,2.5947
2012/8/5,5.93,-3.15,2.79,5.9347,-3.1459,2.7888
2012/8/6,5.49,-3.28,2.21,5.4912,-3.2795,2.2117
2012/8/7,5.19,-3.26,1.94,5.1938,-3.2551,1.9387
2012/8/8,5.91,-3.11,2.80,5.9106,-3.1105,2.8001
2012/8/9,5.70,-3.18,2.51,5.6955,-3.1845,2.511
2012/8/10,5.95,-3.16,2.79,5.9539,-3.1594,2.7945
2012/8/11,4.99,-3.05,1.93,4.9851,-3.0514,1.9337
2012/8/12,6.16,-3.19,2.97,6.1581,-3.1924,2.9657
2012/8/13,4.41,-3.27,1.15,4.4139,-3.2676,1.1463
2012/8/14,5.49,-3.35,2.14,5.49,-3.3479,2.1421
2012/8/15,4.75,-3.29,1.46,4.7483,-3.2905,1.4578
2012/8/16,5.33,-3.37,1.96,5.3271,-3.372,1.9551
2012/8/17,5.10,-3.34,1.76,5.0978,-3.3353,1.7625
2012/8/18,5.38,-3.31,2.07,5.3808,-3.313,2.0678
2012/8/19,5.04,-3.34,1.70,5.0382,-3.3426,1.6956
2012/8/20,4.96,-3.36,1.60,4.961,-3.3597,1.6013
2012/8/21,4.99,-3.35,1.64,4.9922,-3.3476,1.6446
2012/8/22,5.57,-2.88,2.69,5.5673,-2.8819,2.6854
2012/8/23,5.34,-2.77,2.57,5.3449,-2.7727,2.5722
2012/8/24,5.69,-2.94,2.76,5.6933,-2.9364,2.7569
2012/8/25,5.31,-3.14,2.17,5.3141,-3.1448,2.1693
2012/8/26,5.09,-3.19,1.90,5.0852,-3.1884,1.8968
2012/8/27,4.76,-3.23,1.54,4.7634,-3.2261,1.5373
2012/8/28,4.87,-2.97,1.89,4.8667,-2.9738,1.8929
2012/8/29,5.80,-3.05,2.75,5.7959,-3.0467,2.7492
2012/8/30,5.72,-3.07,2.65,5.7233,-3.0727,2.6506
2012/8/31,5.62,-3.10,2.52,5.6239,-3.0991,2.5248
2012/9/1,5.74,-3.01,2.73,5.7416,-3.0126,2.729
2012/9/2,5.58,-3.01,2.58,5.5835,-3.0079,2.5756
2012/9/3,5.67,-2.78,2.89,5.6671,-2.781,2.8861
2012/9/4,4.80,-2.53,2.27,4.8007,-2.5287,2.272
2012/9/5,5.05,-2.61,2.44,5.0504,-2.6119,2.4385
2012/9/6,5.23,-2.84,2.39,5.234,-2.8405,2.3935
2012/9/7,5.43,-2.98,2.46,5.4331,-2.9755,2.4576
2012/9/8,5.45,-2.92,2.52,5.447,-2.9239,2.5231
2012/9/9,3.90,-2.77,1.14,3.9022,-2.7657,1.1365
2012/9/10,4.84,-2.71,2.13,4.8358,-2.7094,2.1264
2012/9/11,5.60,-2.85,2.76,5.6023,-2.846,2.7563
2012/9/12,5.15,-3.07,2.08,5.1475,-3.0676,2.0799
2012/9/13,5.35,-2.61,2.74,5.349,-2.6073,2.7417
2012/9/14,5.05,-2.59,2.47,5.0533,-2.5882,2.4651
2012/9/15,5.45,-2.67,2.78,5.4496,-2.6725,2.7771
2012/9/16,5.41,-2.70,2.70,5.4093,-2.7047,2.7046
2012/9/17,5.39,-2.74,2.65,5.3907,-2.7436,2.6471
2012/9/18,5.28,-2.62,2.66,5.2798,-2.6196,2.6602
2012/9/19,5.20,-2.77,2.43,5.1976,-2.7712,2.4264
2012/9/20,5.20,-2.82,2.37,5.195,-2.8214,2.3736
2012/9/21,4.36,-2.65,1.71,4.3598,-2.6457,1.7141
2012/9/22,4.33,-2.50,1.83,4.3307,-2.4979,1.8328
2012/9/23,4.44,-2.57,1.88,4.4446,-2.567,1.8776
2012/9/24,5.05,-2.74,2.31,5.0488,-2.735,2.3138
2012/9/25,5.07,-2.70,2.37,5.07,-2.6975,2.3725
2012/9/26,5.02,-2.74,2.28,5.0188,-2.743,2.2758
2012/9/27,5.04,-2.78,2.26,5.0376,-2.7786,2.259
2012/9/28,4.98,-2.60,2.39,4.9835,-2.5968,2.3867
2012/9/29,4.69,-2.43,2.26,4.6904,-2.4272,2.2632
2012/9/30,4.66,-2.42,2.24,4.6637,-2.4209,2.2428
2012/10/1,4.77,-2.58,2.19,4.7656,-2.575,2.1906
2012/10/2,4.81,-2.63,2.18,4.807,-2.6296,2.1774
2012/10/3,4.77,-2.61,2.16,4.7737,-2.6143,2.1594
2012/10/4,4.72,-2.61,2.12,4.7238,-2.6076,2.1162
2012/10/5,4.60,-2.53,2.07,4.5973,-2.528,2.0693
2012/10/6,4.66,-2.56,2.09,4.6564,-2.5643,2.0921
2012/10/7,4.71,-2.56,2.15,4.7144,-2.56,2.1544
2012/10/8,4.62,-2.58,2.04,4.6214,-2.582,2.0394
2012/10/9,4.65,-2.57,2.08,4.6515,-2.5739,2.0776
2012/10/10,4.61,-2.52,2.09,4.6062,-2.5176,2.0886
2012/10/11,4.55,-2.48,2.07,4.5507,-2.476,2.0747
2012/10/12,4.54,-2.49,2.05,4.5381,-2.489,2.0491
2012/10/13,4.44,-2.47,1.98,4.4448,-2.4654,1.9794
2012/10/14,4.15,-2.51,1.64,4.1512,-2.5072,1.644
2012/10/15,4.53,-2.58,1.94,4.5283,-2.5848,1.9435
2012/10/16,4.44,-2.61,1.83,4.4396,-2.6098,1.8298
2012/10/17,4.18,-2.31,1.87,4.181,-2.31,1.871
2012/10/18,4.26,-2.36,1.90,4.2595,-2.3638,1.8957
2012/10/19,4.31,-2.41,1.90,4.3073,-2.4056,1.9017
2012/10/20,4.34,-2.59,1.75,4.3401,-2.5947,1.7454
2012/10/21,4.29,-2.70,1.59,4.2889,-2.7028,1.5861
2012/10/22,4.08,-2.46,1.62,4.0804,-2.4565,1.6239
2012/10/23,3.91,-2.29,1.63,3.9109,-2.2851,1.6258
2012/10/24,4.10,-2.36,1.74,4.0998,-2.3558,1.744
2012/10/25,4.11,-2.51,1.60,4.1066,-2.5103,1.5963
2012/10/26,4.11,-2.69,1.42,4.107,-2.6876,1.4194
2012/10/27,3.47,-2.56,0.91,3.4693,-2.5555,0.9138
2012/10/28,4.02,-2.43,1.59,4.0225,-2.4331,1.5894
2012/10/29,3.34,-2.21,1.13,3.3403,-2.2139,1.1264
2012/10/30,3.10,-2.08,1.01,3.096,-2.0824,1.0136
2012/10/31,3.11,-2.11,1.00,3.1073,-2.1084,0.9989
2012/11/1,3.34,-2.11,1.23,3.3387,-2.1106,1.2281
2012/11/2,3.59,-2.22,1.37,3.5889,-2.2184,1.3705
2012/11/3,3.58,-2.23,1.34,3.5754,-2.2333,1.3421
2012/11/4,3.45,-2.15,1.30,3.4451,-2.1476,1.2975
2012/11/5,3.32,-2.12,1.21,3.3206,-2.1156,1.205
2012/11/6,2.95,-1.98,0.96,2.9472,-1.984,0.9632
2012/11/7,3.40,-2.14,1.26,3.3971,-2.1394,1.2577
2012/11/8,3.06,-2.08,0.98,3.0598,-2.077,0.9828
2012/11/9,2.86,-2.13,0.73,2.8565,-2.1281,0.7284
2012/11/10,3.08,-2.14,0.93,3.0751,-2.1413,0.9338
2012/11/11,3.07,-2.05,1.02,3.0728,-2.0497,1.0231
2012/11/12,3.14,-2.06,1.07,3.1361,-2.0635,1.0726
2012/11/13,3.45,-2.19,1.27,3.4505,-2.1851,1.2654
2012/11/14,3.19,-2.09,1.10,3.1881,-2.0901,1.098
2012/11/15,2.93,-2.01,0.93,2.9326,-2.0073,0.9253
2012/11/16,2.50,-1.94,0.56,2.4961,-1.9403,0.5558
2012/11/17,2.77,-1.97,0.80,2.7703,-1.9693,0.801
2012/11/18,3.10,-2.07,1.03,3.1014,-2.0738,1.0276
2012/11/19,3.14,-2.09,1.05,3.1417,-2.0919,1.0498
2012/11/20,3.03,-2.08,0.94,3.0265,-2.0826,0.9439
2012/11/21,2.78,-2.06,0.72,2.7837,-2.0612,0.7225
2012/11/22,2.61,-2.03,0.58,2.6134,-2.0349,0.5785
2012/11/23,2.23,-1.86,0.37,2.2293,-1.8571,0.3722
2012/11/24,2.42,-1.87,0.55,2.4205,-1.8712,0.5493
2012/11/25,2.91,-2.02,0.89,2.9145,-2.024,0.8905
2012/11/26,2.37,-1.86,0.51,2.3723,-1.8611,0.5112
2012/11/27,2.60,-1.92,0.68,2.5954,-1.9165,0.6789
2012/11/28,2.60,-2.00,0.60,2.5951,-1.9986,0.5965
2012/11/29,2.51,-1.98,0.53,2.5113,-1.9787,0.5326
2012/11/30,2.49,-1.96,0.53,2.4877,-1.9596,0.5281
2012/12/1,2.42,-1.94,0.48,2.4173,-1.9381,0.4792
2012/12/2,2.05,-1.81,0.24,2.0541,-1.8105,0.2436
2012/12/3,2.46,-1.90,0.56,2.4618,-1.9014,0.5604
2012/12/4,2.30,-1.83,0.47,2.3005,-1.8349,0.4656
2012/12/5,2.48,-1.89,0.59,2.4776,-1.8916,0.586
2012/12/6,2.26,-1.82,0.44,2.2577,-1.8214,0.4363
2012/12/7,2.69,-1.99,0.71,2.6922,-1.985,0.7072
2012/12/8,2.30,-1.86,0.44,2.3019,-1.8582,0.4437
2012/12/9,1.59,-1.66,-0.07,1.5905,-1.6564,-0.0659
2012/12/10,1.44,-1.62,-0.18,1.435,-1.6198,-0.1848
2012/12/11,1.83,-1.72,0.12,1.8314,-1.7151,0.1163
2012/12/12,2.02,-1.77,0.25,2.0232,-1.7713,0.2519
2012/12/13,2.72,-1.99,0.73,2.7184,-1.991,0.7274
2012/12/14,3.16,-2.28,0.89,3.1638,-2.2758,0.888
2012/12/15,2.22,-1.90,0.31,2.2155,-1.9028,0.3127
2012/12/16,2.03,-1.83,0.20,2.0307,-1.8285,0.2022
2012/12/17,1.79,-1.75,0.04,1.7877,-1.745,0.0427
2012/12/18,1.16,-1.55,-0.39,1.1578,-1.548,-0.3902
2012/12/19,1.10,-1.58,-0.48,1.0951,-1.5796,-0.4845
2012/12/20,1.82,-1.65,0.17,1.8191,-1.6484,0.1707
2012/12/21,1.98,-1.78,0.20,1.979,-1.7835,0.1955
2012/12/22,1.71,-1.72,-0.01,1.7087,-1.7222,-0.0135
2012/12/23,1.55,-1.65,-0.10,1.552,-1.6518,-0.0998
2012/12/24,1.79,-1.71,0.08,1.7907,-1.7067,0.084
2012/12/25,1.70,-1.69,0.01,1.6963,-1.6881,0.0082
2012/12/26,1.50,-1.64,-0.13,1.502,-1.6366,-0.1346
2012/12/27,1.76,-1.73,0.03,1.7566,-1.7269,0.0297
2012/12/28,1.99,-1.83,0.17,1.9936,-1.8254,0.1682
2012/12/29,1.68,-1.68,0.00,1.6843,-1.6822,0.0021
2012/12/30,1.10,-1.53,-0.43,1.0959,-1.53,-0.4341
2013/1/1,3.16,-1.82,1.34,3.1574,-1.6353,1.5221
2013/1/2,2.37,-1.84,0.52,2.7596,-1.6066,1.153
2013/1/3,2.13,-1.77,0.36,1.4241,-1.4454,-0.0213
2013/1/4,2.30,-1.77,0.53,1.3161,-1.5231,-0.207
2013/1/5,2.12,-1.78,0.35,1.7825,-1.5413,0.2412
2013/1/6,2.40,-1.78,0.62,2.0479,-1.5564,0.4915
2013/1/7,2.76,-1.78,0.98,2.808,-1.5853,1.2227
2013/1/8,3.05,-1.78,1.27,2.947,-1.5905,1.3565
2013/1/9,2.95,-1.78,1.17,3.2759,-1.6806,1.5953
2013/1/10,3.24,-1.81,1.43,3.3517,-1.6631,1.6886
2013/1/11,2.77,-1.72,1.05,2.8043,-1.6079,1.1964
2013/1/12,3.30,-1.67,1.63,3.3003,-1.6722,1.6281
2013/1/13,3.47,-1.78,1.69,3.2933,-1.7142,1.5791
2013/1/14,2.94,-1.85,1.09,3.6512,-1.7821,1.8691
2013/1/15,3.50,-1.72,1.78,3.5014,-1.7173,1.7841
2013/1/16,3.21,-1.72,1.49,3.2056,-1.7188,1.4868
2013/1/17,2.84,-1.81,1.03,2.4201,-1.5621,0.858
2013/1/18,2.84,-1.72,1.11,1.8719,-1.591,0.2809
2013/1/19,3.28,-2.08,1.20,3.155,-1.7473,1.4077
2013/1/20,2.94,-1.97,0.97,3.8805,-2.0122,1.8683
2013/1/21,2.42,-1.57,0.84,2.4163,-1.5716,0.8447
2013/1/22,1.95,-1.50,0.45,1.9485,-1.4977,0.4508
2013/1/23,2.39,-2.07,0.82,2.3916,-1.5683,0.8233
2013/1/24,3.57,-2.34,1.23,3.6411,-1.7654,1.8757
2013/1/25,3.03,-1.94,1.09,3.2498,-1.7532,1.4966
2013/1/26,3.20,-2.25,0.94,3.7227,-1.8231,1.8996
2013/1/27,3.30,-2.17,1.13,3.6108,-1.7424,1.8684
2013/1/28,3.71,-2.39,1.31,3.735,-1.8504,1.8846
2013/1/29,3.94,-2.25,1.68,3.746,-1.9247,1.8213
2013/1/30,3.28,-2.32,0.95,3.9312,-2.0545,1.8767
2013/1/31,3.02,-2.25,0.77,3.828,-2.1047,1.7233
2013/2/1,3.27,-2.69,0.58,2.6197,-1.9709,0.6488
2013/2/2,3.05,-2.22,0.83,1.8954,-1.7551,0.1403
2013/2/3,3.27,-2.18,1.09,2.8052,-1.991,0.8142
2013/2/4,3.23,-2.20,1.03,2.5996,-1.9221,0.6775
2013/2/5,2.95,-1.98,0.97,1.8595,-1.7431,0.1164
2013/2/6,1.68,-2.66,0.00,1.6794,-1.6753,0.0041
2013/2/7,1.27,-2.43,-0.28,1.2682,-1.5505,-0.2823
2013/2/8,0.77,-1.71,-0.65,0.7713,-1.4163,-0.645
2013/2/9,0.90,-2.37,-0.63,0.9014,-1.5278,-0.6264
2013/2/10,1.48,-2.31,-0.10,1.4847,-1.5892,-0.1045
2013/2/11,3.52,-1.61,1.91,1.5365,-1.6207,-0.0842
2013/2/12,2.40,-2.59,-0.19,1.5575,-1.6305,-0.073
2013/2/13,2.66,-1.96,0.71,1.8019,-1.6724,0.1295
2013/2/14,2.51,-2.30,0.21,1.6744,-1.6766,-0.0022
2013/2/15,3.66,-1.70,1.95,1.7376,-1.6932,0.0444
2013/2/16,3.01,-2.35,0.65,2.3609,-1.8094,0.5515
2013/2/17,2.96,-1.82,1.15,2.6097,-1.9077,0.702
2013/2/18,3.08,-1.93,1.14,1.905,-1.6944,0.2106
2013/2/19,3.85,-2.21,1.64,1.1707,-1.5188,-0.3481
2013/2/20,3.73,-2.59,1.14,1.6095,-1.5918,0.0177
2013/2/21,4.12,-1.97,2.14,1.7916,-1.6773,0.1143
2013/2/22,3.96,-1.95,2.01,1.9797,-1.7432,0.2365
2013/2/23,3.81,-1.93,1.88,2.7241,-1.9133,0.8108
2013/2/24,3.53,-1.90,1.62,2.842,-1.9367,0.9053
2013/2/25,3.31,-2.23,1.08,3.4816,-2.1782,1.3034
2013/2/26,2.92,-2.38,0.54,2.7054,-1.9586,0.7468
2013/2/27,3.94,-2.13,1.81,2.4201,-1.8667,0.5534
2013/2/28,4.11,-2.68,1.43,3.4387,-2.1304,1.3083
2013/3/1,3.61,-2.56,1.05,2.6892,-1.8574,0.8318
2013/3/2,2.19,-1.91,0.29,1.6037,-1.6085,-0.0048
2013/3/3,3.32,-1.85,1.47,2.1059,-1.7414,0.3645
2013/3/4,3.53,-1.93,1.61,3.2361,-2.0671,1.169
2013/3/5,4.01,-2.33,1.67,3.4368,-2.1469,1.2899
2013/3/6,3.73,-2.02,1.71,3.8424,-2.3506,1.4918
2013/3/7,3.66,-1.93,1.73,3.9379,-2.3731,1.5648
2013/3/8,3.68,-1.95,1.73,3.9287,-2.5228,1.4059
2013/3/9,3.90,-2.16,1.74,4.0632,-2.6589,1.4043
2013/3/10,3.15,-2.33,0.82,3.3633,-2.0379,1.3254
2013/3/11,2.83,-1.90,0.93,2.8295,-1.9008,0.9287
2013/3/12,3.06,-1.97,1.08,3.0574,-1.9736,1.0838
2013/3/13,3.44,-2.12,1.32,3.4395,-2.1195,1.32
2013/3/14,3.93,-2.02,1.90,3.6158,-2.1589,1.4569
2013/3/15,3.01,-2.39,0.62,2.8331,-1.8764,0.9567
2013/3/16,3.21,-2.22,0.99,3.4701,-2.0772,1.3929
2013/3/17,3.58,-2.57,1.01,3.2876,-2.0773,1.2103
2013/3/18,2.80,-1.77,1.03,3.1184,-1.9647,1.1537
2013/3/19,3.09,-1.98,1.11,3.0877,-1.9817,1.106
2013/3/20,2.80,-1.87,0.93,2.7959,-1.8685,0.9274
2013/3/21,2.83,-1.88,0.95,2.8291,-1.8753,0.9538
2013/3/22,2.79,-1.86,0.92,2.7875,-1.8631,0.9244
2013/3/23,2.23,-1.73,0.51,2.2328,-1.7258,0.507
2013/3/24,2.77,-1.84,0.93,2.7737,-1.8443,0.9294
2013/3/25,3.01,-1.65,1.11,3.0124,-1.9069,1.1055
2013/3/26,2.50,-2.01,0.49,2.1073,-1.72,0.3873
2013/3/27,3.33,-2.13,1.20,3.1737,-1.9495,1.2242
2013/3/28,3.75,-2.42,1.33,3.8308,-2.1595,1.6713
2013/3/29,3.98,-2.83,1.15,3.0777,-1.9528,1.1249
2013/3/30,3.39,-2.19,1.20,3.6626,-2.0899,1.5727
2013/3/31,3.57,-2.10,1.47,3.5847,-2.0611,1.5236
2013/4/1,3.55,-2.58,0.97,3.4207,-2.0017,1.419
2013/4/2,3.45,-2.20,1.25,3.8308,-2.1363,1.6945
2013/4/3,3.81,-2.27,1.54,3.6504,-2.0598,1.5906
2013/4/4,4.14,-2.63,1.52,4.1775,-2.2438,1.9337
2013/4/5,3.92,-2.42,1.50,3.4795,-2.0909,1.3886
2013/4/6,3.91,-2.14,1.77,2.9342,-1.8789,1.0553
2013/4/7,3.91,-2.06,1.85,3.3563,-1.9732,1.3831
2013/4/8,4.32,-2.29,2.04,3.9428,-2.1755,1.7673
2013/4/9,4.43,-2.51,1.92,3.7704,-2.1063,1.6641
2013/4/10,4.06,-2.11,1.96,3.6905,-2.0816,1.6089
2013/4/11,3.46,-1.93,1.53,3.708,-2.0853,1.6227
2013/4/12,3.64,-2.23,1.41,4.4205,-2.3738,2.0467
2013/4/13,4.57,-2.58,1.99,4.6217,-2.4697,2.152
2013/4/14,3.43,-2.33,1.10,4.5259,-2.4991,2.0268
2013/4/15,3.95,-2.65,1.30,4.4139,-2.5468,1.8671
2013/4/16,4.21,-2.72,1.49,4.173,-2.6313,1.5417
2013/4/17,4.73,-2.65,2.08,4.7412,-2.5497,2.1915
2013/4/18,4.99,-3.10,1.90,4.191,-2.2345,1.9565
2013/4/19,4.00,-2.29,1.72,3.3018,-1.9797,1.3221
2013/4/20,4.01,-2.38,1.63,2.7203,-1.8345,0.8858
2013/4/21,4.32,-1.91,2.41,3.2051,-1.9113,1.2938
2013/4/22,4.50,-2.91,1.59,3.3406,-1.9481,1.3925
2013/4/23,4.33,-2.23,2.10,4.3281,-2.2306,2.0975
2013/4/24,4.30,-2.25,2.05,4.2956,-2.2496,2.046
2013/4/25,4.33,-2.24,2.09,4.3276,-2.2352,2.0924
2013/4/26,3.05,-1.85,1.19,4.7177,-2.509,2.2087
2013/4/27,5.08,-2.88,2.20,4.9872,-2.6062,2.381
2013/4/28,5.02,-2.54,2.38,5.0212,-2.6453,2.3759
2013/4/29,4.93,-2.40,2.46,4.9284,-2.4718,2.4566
2013/4/30,4.18,-3.06,1.97,4.182,-2.2084,1.9736
2013/5/1,4.77,-2.72,2.39,4.7689,-2.3746,2.3943
2013/5/2,4.69,-2.76,2.36,4.6855,-2.3252,2.3603
2013/5/3,4.74,-3.09,2.38,4.7418,-2.3624,2.3794
2013/5/4,5.03,-3.31,2.56,5.0292,-2.4677,2.5615
2013/5/5,5.41,-3.18,2.23,4.9832,-2.4162,2.567
2013/5/6,5.63,-3.45,2.18,4.3865,-2.2898,2.0967
2013/5/7,4.73,-2.60,2.14,3.5598,-2.3579,1.2019
2013/5/8,5.03,-3.27,1.76,3.6125,-2.3898,1.2227
2013/5/9,3.87,-2.49,1.38,4.5273,-2.5125,2.0148
2013/5/10,4.21,-2.40,1.81,4.901,-2.3775,2.5235
2013/5/11,4.67,-2.64,2.03,5.3241,-2.5195,2.8046
2013/5/12,5.09,-2.86,2.23,5.3691,-2.7188,2.6503
2013/5/13,5.13,-2.88,2.26,5.1524,-2.8969,2.2555
2013/5/14,4.95,-3.01,1.95,5.3278,-2.8467,2.4811
2013/5/15,4.16,-2.98,1.18,4.7959,-2.6183,2.1776
2013/5/16,4.59,-2.86,1.73,4.5239,-2.4521,2.0718
2013/5/17,4.67,-2.82,1.85,4.4828,-2.4336,2.0492
2013/5/18,4.84,-2.82,2.02,3.7074,-2.452,1.2554
2013/5/19,5.16,-2.87,2.29,5.7727,-2.5886,3.1841
2013/5/20,4.88,-2.92,1.96,5.9843,-2.7856,3.1987
2013/5/21,5.20,-3.01,2.19,5.9606,-2.8852,3.0754
2013/5/22,5.07,-3.06,2.01,5.9872,-2.9178,3.0694
2013/5/23,4.98,-3.07,1.91,5.6934,-2.7797,2.9137
2013/5/24,4.42,-3.10,1.32,6.083,-2.9582,3.1248
2013/5/25,5.08,-3.03,2.05,5.2539,-2.3053,2.9486
2013/5/26,6.03,-2.54,3.49,6.0286,-2.537,3.4916
2013/5/27,6.26,-2.61,3.65,6.2584,-2.61,3.6484
2013/5/28,6.13,-2.53,3.59,6.1271,-2.5332,3.5939
2013/5/29,6.05,-2.49,3.56,6.0507,-2.4887,3.562
2013/5/30,6.08,-2.59,3.49,6.0803,-2.5942,3.4861
2013/5/31,6.34,-2.88,3.46,6.3406,-2.8769,3.4637
2013/6/1,6.50,-2.70,3.79,6.498,-2.7031,3.7949
2013/6/2,6.28,-2.68,3.61,6.2835,-2.6751,3.6084
2013/6/3,6.47,-2.97,3.50,6.471,-2.9735,3.4975
2013/6/4,6.16,-3.06,3.10,6.4726,-2.6529,3.8197
2013/6/5,5.75,-3.13,2.62,6.4841,-2.8208,3.6633
2013/6/6,5.68,-3.24,2.44,5.9634,-2.8712,3.0922
2013/6/7,4.66,-3.48,2.03,4.6645,-2.637,2.0275
2013/6/8,6.28,-2.99,3.29,6.2758,-2.9878,3.288
2013/6/9,5.09,-3.28,1.81,5.0909,-3.2793,1.8116
2013/6/10,5.06,-3.26,1.81,5.0636,-3.2555,1.8081
2013/6/11,5.01,-2.85,1.71,5.0069,-3.2958,1.7111
2013/6/12,5.14,-3.01,2.14,5.3994,-3.1966,2.2028
2013/6/13,4.97,-3.00,1.97,6.2926,-2.9097,3.3829
2013/6/14,4.64,-2.83,1.80,5.4543,-2.7291,2.7252
2013/6/15,5.60,-3.37,2.23,4.449,-2.6445,1.8045
2013/6/16,5.31,-3.12,2.74,5.306,-2.5625,2.7435
2013/6/17,5.85,-2.69,3.16,5.8538,-2.6907,3.1631
2013/6/18,5.80,-2.90,2.90,5.8044,-2.9015,2.9029
2013/6/19,5.69,-3.28,2.41,5.3774,-2.7309,2.6465
2013/6/20,5.66,-3.51,2.15,4.3507,-2.9259,1.4248
2013/6/21,5.04,-3.16,1.89,6.5595,-3.0084,3.5511
2013/6/22,5.28,-3.04,2.25,5.7159,-2.8887,2.8272
2013/6/23,5.63,-3.20,2.43,6.0036,-3.1678,2.8358
2013/6/24,5.79,-3.18,2.61,4.4839,-2.9765,1.5074
2013/6/25,5.72,-3.05,2.67,5.7242,-3.0518,2.6724
2013/6/26,5.87,-3.39,3.16,5.8705,-2.7099,3.1606
2013/6/27,5.38,-3.29,2.69,5.3828,-2.689,2.6938
2013/6/28,5.34,-3.29,2.66,5.3425,-2.6875,2.655
2013/6/29,6.44,-3.03,3.56,6.436,-2.8781,3.5579
2013/6/30,6.42,-3.32,3.44,6.4179,-2.9795,3.4384
2013/7/1,5.51,-3.05,2.46,5.6346,-3.2922,2.3424
2013/7/2,5.38,-3.08,2.30,5.2972,-3.3885,1.9087
2013/7/3,5.21,-3.15,2.06,5.3339,-3.3744,1.9595
2013/7/4,5.35,-3.20,2.14,5.3005,-3.3732,1.9273
2013/7/5,5.11,-3.30,1.81,6.2507,-3.0759,3.1748
2013/7/6,5.05,-3.22,1.83,6.1396,-2.987,3.1526
2013/7/7,5.15,-3.32,1.84,5.912,-3.229,2.683
2013/7/8,5.34,-3.35,1.99,5.8273,-3.3058,2.5215
2013/7/9,5.40,-3.39,2.02,5.6935,-3.3421,2.3514
2013/7/10,5.51,-3.39,2.12,5.3266,-3.4087,1.9179
2013/7/11,5.46,-3.39,2.07,5.1841,-3.448,1.7361
2013/7/12,5.48,-3.18,2.30,5.5007,-3.3645,2.1362
2013/7/13,6.13,-2.99,3.14,6.1274,-2.9902,3.1372
2013/7/14,5.44,-2.96,2.49,5.4433,-2.9571,2.4862
2013/7/15,5.72,-2.99,2.73,5.7209,-2.9885,2.7324
2013/7/16,4.40,-2.79,1.61,4.4021,-2.7921,1.61
2013/7/17,5.58,-2.96,2.61,5.5767,-2.9645,2.6122
2013/7/18,6.08,-3.04,3.04,6.0837,-3.044,3.0397
2013/7/19,5.91,-2.96,2.95,5.9069,-2.9582,2.9487
2013/7/20,4.19,-2.83,1.36,4.1935,-2.8303,1.3632
2013/7/21,6.55,-3.01,3.54,6.5504,-3.0058,3.5446
2013/7/22,6.43,-3.13,3.31,6.4341,-3.1263,3.3078
2013/7/23,2.99,-3.81,-0.82,2.9917,-3.8082,-0.8165
2013/7/24,3.96,-3.63,0.33,3.9613,-3.6324,0.3289
2013/7/25,3.36,-3.75,-0.39,3.3624,-3.7481,-0.3857
2013/7/26,3.80,-3.71,0.09,3.8012,-3.7073,0.0939
2013/7/27,3.64,-3.71,-0.07,3.6443,-3.7132,-0.0689
2013/7/28,5.35,-3.41,1.94,5.348,-3.4128,1.9352
2013/7/29,5.75,-3.41,2.34,5.7529,-3.4141,2.3388
2013/7/30,5.52,-3.48,2.04,5.5208,-3.4777,2.0431
2013/7/31,6.10,-3.32,2.78,6.0995,-3.3151,2.7844
2013/8/1,5.52,-3.31,2.21,5.5162,-3.3054,2.2108
2013/8/2,5.91,-3.21,2.71,5.9126,-3.2053,2.7073
2013/8/3,6.32,-3.25,3.07,6.3201,-3.2529,3.0672
2013/8/4,5.84,-3.23,2.62,5.8423,-3.2261,2.6162
2013/8/5,5.16,-3.07,2.09,5.1625,-3.0703,2.0922
2013/8/6,5.88,-3.21,2.66,5.8772,-3.2142,2.663
2013/8/7,5.64,-3.15,2.49,5.6386,-3.1495,2.4891
2013/8/8,2.34,-3.27,-0.93,3.8763,-3.6668,0.2095
2013/8/9,2.12,-3.21,-1.09,3.2422,-3.7568,-0.5146
2013/8/10,2.55,-3.45,-0.90,3.6226,-3.6924,-0.0698
2013/8/11,2.76,-3.32,-0.56,3.4452,-3.6775,-0.2323
2013/8/12,3.76,-3.35,0.42,3.9252,-3.6089,0.3163
2013/8/13,4.48,-3.44,1.04,4.4308,-3.5171,0.9137
2013/8/14,4.77,-3.44,1.34,4.2715,-3.5577,0.7138
2013/8/15,4.23,-3.45,0.79,4.7143,-3.4652,1.2491
2013/8/16,4.34,-3.27,1.08,4.8208,-3.4269,1.3939
2013/8/17,4.62,-3.25,1.37,4.5819,-3.4767,1.1052
2013/8/18,4.74,-3.30,1.44,4.9969,-3.3918,1.6051
2013/8/19,4.87,-3.35,1.52,4.2732,-3.0423,1.2309
2013/8/20,4.86,-3.34,1.52,4.6714,-3.1803,1.4911
2013/8/21,4.62,-3.41,1.59,4.6224,-3.0364,1.586
2013/8/22,5.08,-3.32,1.76,4.7873,-3.0402,1.7471
2013/8/23,4.73,-3.28,1.59,4.7268,-3.1338,1.593
2013/8/24,5.19,-3.24,1.95,5.5991,-3.2132,2.3859
2013/8/25,5.03,-3.39,1.64,5.0571,-3.1751,1.882
2013/8/26,3.52,-3.26,0.55,3.523,-2.9778,0.5452
2013/8/27,4.76,-3.28,1.77,4.7638,-2.99,1.7738
2013/8/28,5.62,-3.18,2.43,5.6161,-3.1905,2.4256
2013/8/29,5.06,-3.29,1.83,5.0621,-3.2358,1.8263
2013/8/30,5.25,-3.21,2.28,5.2529,-2.9754,2.2775
2013/8/31,5.85,-2.94,3.02,5.8467,-2.8244,3.0223
2013/9/1,4.66,-2.98,1.68,5.9203,-2.7866,3.1337
2013/9/2,4.61,-2.95,1.66,5.8753,-2.8004,3.0749
2013/9/3,4.38,-2.98,1.40,5.7873,-2.7984,2.9889
2013/9/4,4.46,-2.85,1.61,5.7924,-2.7567,3.0357
2013/9/5,5.15,-3.13,2.02,4.6144,-2.5704,2.044
2013/9/6,5.39,-2.96,2.42,4.642,-2.5198,2.1222
2013/9/7,4.59,-2.79,1.80,4.676,-2.5498,2.1262
2013/9/8,4.50,-2.69,1.81,5.4949,-2.6995,2.7954
2013/9/9,5.21,-3.40,1.81,5.6216,-2.9314,2.6902
2013/9/10,4.27,-2.77,1.51,5.4688,-3.0759,2.3929
2013/9/11,4.96,-3.19,1.78,4.0308,-2.8933,1.1375
2013/9/12,3.89,-2.68,1.20,5.1722,-2.9534,2.2188
2013/9/13,5.00,-2.96,2.04,5.3821,-2.8595,2.5226
2013/9/14,5.73,-2.84,2.89,5.3907,-2.9611,2.4296
2013/9/15,5.17,-2.97,2.19,5.4761,-2.9889,2.4872
2013/9/16,5.00,-2.60,2.39,5.3234,-2.9505,2.3729
2013/9/17,5.23,-2.73,2.49,5.1612,-2.8251,2.3361
2013/9/18,5.41,-2.87,2.54,5.1395,-2.8049,2.3346
2013/9/19,5.25,-2.69,2.57,4.9769,-2.9263,2.0506
2013/9/20,5.43,-2.85,2.58,5.007,-2.874,2.133
2013/9/21,5.97,-3.38,2.59,3.3765,-2.7757,0.6008
2013/9/22,5.97,-3.37,2.59,3.1295,-2.8351,0.2944
2013/9/23,5.32,-3.01,2.31,3.7583,-2.927,0.8313
2013/9/24,5.19,-3.16,2.02,4.6831,-2.7813,1.9018
2013/9/25,5.38,-3.32,2.06,3.5957,-2.3662,1.2295
2013/9/26,4.79,-2.70,2.09,4.2533,-2.4688,1.7845
2013/9/27,4.42,-2.26,2.16,4.3216,-2.5097,1.8119
2013/9/28,5.06,-2.79,2.27,3.781,-2.4211,1.3599
2013/9/29,5.70,-3.32,2.38,4.2271,-2.4928,1.7343
2013/9/30,4.92,-2.51,2.40,4.3234,-2.5599,1.7635
2013/10/1,5.30,-2.70,2.60,4.2205,-2.5094,1.7111
2013/10/2,4.85,-2.43,2.42,4.1512,-2.5009,1.6503
2013/10/3,4.65,-2.32,2.33,3.8893,-2.3833,1.506
2013/10/4,4.64,-2.35,2.28,4.1152,-2.5094,1.6058
2013/10/5,4.57,-2.31,2.26,3.984,-2.4359,1.5481
2013/10/6,4.96,-2.71,2.25,3.3009,-2.4539,0.847
2013/10/7,5.14,-2.90,2.24,3.835,-2.5597,1.2753
2013/10/8,5.25,-3.01,2.24,3.0298,-2.4308,0.599
2013/10/9,4.13,-2.87,1.26,4.006,-2.5223,1.4837
2013/10/10,4.96,-2.73,2.24,4.2037,-2.7456,1.4581
2013/10/11,4.60,-2.79,1.81,4.2379,-2.7097,1.5282
2013/10/12,4.19,-2.82,1.37,4.1663,-2.6104,1.5559
2013/10/13,4.18,-2.70,1.48,4.1965,-2.6232,1.5733
2013/10/14,4.14,-2.61,1.53,4.0799,-2.6992,1.3807
2013/10/15,4.72,-3.17,1.55,3.2859,-2.1803,1.1056
2013/10/16,3.73,-2.15,1.58,2.9035,-2.0622,0.8413
2013/10/17,3.33,-2.11,1.22,2.95,-2.1605,0.7895
2013/10/18,3.71,-1.95,1.76,3.3853,-2.3095,1.0758
2013/10/19,4.40,-2.37,2.03,3.0385,-2.2637,0.7748
2013/10/20,4.85,-2.55,2.31,3.5259,-2.3528,1.1731
2013/10/21,4.11,-2.44,1.67,3.3217,-2.2617,1.06
2013/10/22,3.40,-2.36,1.04,3.291,-2.2504,1.0406
2013/10/23,3.53,-2.15,1.38,3.3364,-2.2756,1.0608
2013/10/24,4.35,-2.63,1.72,3.0992,-2.1872,0.912
2013/10/25,4.22,-2.32,1.90,2.7644,-2.0671,0.6973
2013/10/26,4.04,-1.96,2.08,2.7557,-2.0611,0.6946
2013/10/27,4.15,-2.09,2.06,3.1432,-2.2185,0.9247
2013/10/28,4.08,-2.04,2.04,3.3742,-2.3326,1.0416
2013/10/29,3.93,-2.37,1.57,3.5653,-2.4522,1.1131
2013/10/30,3.69,-2.60,1.09,3.252,-2.3424,0.9096
2013/10/31,3.64,-2.60,1.04,2.9447,-2.256,0.6887
2013/11/1,3.83,-2.83,1.00,3.3301,-2.3532,0.9769
2013/11/2,3.78,-2.60,1.18,3.2004,-2.3291,0.8713
2013/11/3,4.05,-2.61,1.44,2.6178,-2.1908,0.427
2013/11/4,3.73,-2.38,1.35,2.9002,-2.1622,0.738
2013/11/5,3.74,-2.04,1.70,2.9848,-2.1972,0.7876
2013/11/6,4.30,-2.70,1.59,2.9914,-2.2119,0.7795
2013/11/7,3.43,-2.59,0.83,3.2199,-2.3238,0.8961
2013/11/8,3.37,-2.68,0.69,3.2356,-2.3433,0.8923
2013/11/9,3.45,-2.65,0.79,3.419,-2.5738,0.8452
2013/11/10,3.68,-2.50,1.17,2.9813,-2.2223,0.759
2013/11/11,3.88,-2.33,1.55,2.3015,-1.9829,0.3186
2013/11/12,3.30,-2.36,0.94,1.6882,-1.8572,-0.169
2013/11/13,3.64,-2.68,0.96,2.1778,-1.9663,0.2115
2013/11/14,3.54,-2.80,0.74,2.1069,-1.9635,0.1434
2013/11/15,2.58,-2.07,0.51,2.4029,-2.0059,0.397
2013/11/16,4.05,-2.12,1.93,2.7227,-2.1445,0.5782
2013/11/17,4.14,-2.03,2.11,2.1251,-1.9863,0.1388
2013/11/18,2.07,-1.82,0.25,1.8706,-1.8956,-0.025
2013/11/19,2.86,-2.15,0.70,2.0493,-1.957,0.0923
2013/11/20,3.20,-2.04,1.16,2.3336,-2.0809,0.2527
2013/11/21,3.60,-2.82,0.78,2.5231,-2.1746,0.3485
2013/11/22,3.07,-2.79,0.28,2.3976,-2.1243,0.2733
2013/11/23,2.98,-2.75,0.23,2.5727,-2.2141,0.3586
2013/11/24,3.18,-2.82,0.36,2.1905,-2.0151,0.1754
2013/11/25,2.93,-1.84,1.09,1.9082,-1.9217,-0.0135
2013/11/26,3.77,-1.95,1.82,1.9311,-1.9377,-0.0066
2013/11/27,1.96,-2.15,-0.19,1.5597,-1.793,-0.2333
2013/11/28,1.53,-1.83,-0.31,1.3333,-1.6954,-0.3621
2013/11/29,1.51,-1.76,-0.25,1.3959,-1.7157,-0.3198
2013/11/30,1.87,-2.00,-0.13,1.8063,-1.8681,-0.0618
2013/12/1,1.92,-1.94,-0.01,1.9183,-1.9309,-0.0126
2013/12/2,3.33,-2.58,0.74,2.0856,-1.9946,0.091
2013/12/3,2.96,-2.56,0.40,2.4043,-2.1457,0.2586
2013/12/4,1.80,-2.13,-0.33,1.9173,-1.9445,-0.0272
2013/12/5,1.51,-2.09,-0.58,2.1892,-2.0456,0.1436
2013/12/6,2.01,-2.65,-0.64,1.6973,-1.8603,-0.163
2013/12/7,2.32,-2.78,-0.46,1.7316,-1.8579,-0.1263
2013/12/8,2.23,-2.06,0.17,2.2285,-2.0582,0.1703
2013/12/9,1.68,-1.83,-0.14,1.6816,-1.825,-0.1434
2013/12/10,1.56,-1.82,-0.26,1.3548,-1.7072,-0.3524
2013/12/11,1.63,-1.86,-0.23,1.4798,-1.761,-0.2812
2013/12/12,1.51,-1.74,-0.23,1.5913,-1.7924,-0.2011
2013/12/13,1.71,-2.02,-0.16,1.7059,-1.8638,-0.1579
2013/12/14,1.69,-2.01,-0.16,1.6941,-1.8519,-0.1578
2013/12/15,1.41,-2.19,-0.39,1.4054,-1.7985,-0.3931
2013/12/16,1.14,-2.04,-0.51,1.1354,-1.6477,-0.5123
2013/12/17,0.90,-1.81,-0.70,0.8987,-1.5949,-0.6962
2013/12/18,1.25,-1.84,-0.44,1.2486,-1.6846,-0.436
2013/12/19,1.05,-1.93,-0.56,1.0506,-1.6108,-0.5602
2013/12/20,0.96,-1.83,-0.86,1.0173,-1.5947,-0.5774
2013/12/21,0.78,-1.72,-0.94,0.8756,-1.5428,-0.6672
2013/12/22,0.96,-1.77,-0.81,1.0523,-1.6084,-0.5561
2013/12/23,3.12,-1.85,1.27,1.0897,-1.6206,-0.5309
2013/12/24,1.46,-1.79,-0.33,1.1297,-1.6346,-0.5049
2013/12/25,0.98,-1.82,-0.84,1.2113,-1.6629,-0.4516
2013/12/26,1.14,-1.64,-0.49,1.1449,-1.6396,-0.4947
2013/12/27,0.72,-1.85,-0.76,0.7241,-1.4865,-0.7624
2013/12/28,1.53,-1.81,-0.28,0.8821,-1.5536,-0.6715
2013/12/29,1.14,-1.74,-0.61,1.0067,-1.5921,-0.5854
2013/12/30,1.49,-1.86,-0.37,1.5233,-1.766,-0.2427
2013/12/31,1.83,-1.96,-0.13,1.8995,-1.9207,-0.0212
2014/1/1,3.20,-2.18,1.02,3.0451,-2.0582,0.9869
2014/1/2,3.07,-2.35,1.05,3.0678,-2.0207,1.0471
2014/1/3,2.98,-1.99,0.99,2.9783,-1.9892,0.9891
2014/1/4,2.26,-1.75,0.51,2.2615,-1.7496,0.5119
2014/1/5,2.59,-2.18,0.41,2.5655,-1.8131,0.7524
2014/1/6,2.61,-2.07,0.54,2.3396,-1.7516,0.588
2014/1/7,2.36,-1.96,0.40,2.1519,-1.8219,0.33
2014/1/8,2.78,-2.14,0.64,2.1013,-1.698,0.4033
2014/1/9,2.55,-1.98,0.57,1.723,-1.6133,0.1097
2014/1/10,2.34,-1.83,0.51,1.8968,-1.6469,0.2499
2014/1/11,2.39,-1.89,0.50,1.8441,-1.6616,0.1825
2014/1/12,2.35,-1.80,0.55,1.5798,-1.6672,-0.0874
2014/1/13,2.16,-1.77,0.38,1.9401,-1.664,0.2761
2014/1/14,2.52,-1.78,0.74,1.9598,-1.652,0.3078
2014/1/15,2.40,-1.66,0.74,2.0107,-1.6636,0.3471
2014/1/16,2.30,-1.91,0.39,2.4964,-1.7668,0.7296
2014/1/17,2.19,-1.76,0.43,2.6962,-1.8288,0.8674
2014/1/18,2.48,-1.90,0.58,2.0574,-1.6688,0.3886
2014/1/19,2.54,-1.80,0.73,2.2877,-1.7448,0.5429
2014/1/20,3.19,-2.01,1.18,2.5438,-1.7741,0.7697
2014/1/21,2.87,-1.64,1.24,1.8039,-1.6228,0.1811
2014/1/22,2.36,-1.76,0.59,2.0263,-1.6706,0.3557
2014/1/23,2.95,-2.28,0.67,2.6541,-1.8101,0.844
2014/1/24,3.03,-2.16,0.87,3.6645,-2.1728,1.4917
2014/1/25,3.30,-2.06,1.24,3.3883,-2.008,1.3803
2014/1/26,3.56,-1.96,1.60,2.6211,-1.7998,0.8213
2014/1/27,3.19,-1.78,1.41,2.9679,-1.8657,1.1022
2014/1/28,3.09,-2.04,1.05,3.2268,-1.9604,1.2664
2014/1/29,2.54,-1.85,0.69,2.9999,-1.9179,1.082
2014/1/30,2.96,-1.85,1.11,3.7998,-2.2049,1.5949
2014/1/31,3.10,-2.10,1.00,3.7355,-2.1331,1.6024
2014/2/1,3.24,-2.35,0.89,3.9188,-2.455,1.4638
2014/2/2,3.86,-2.41,1.64,3.8583,-2.2184,1.6399
2014/2/3,3.09,-2.47,1.22,3.0884,-1.872,1.2164
2014/2/4,2.91,-1.81,1.10,2.0602,-1.6564,0.4038
2014/2/5,2.96,-1.90,1.05,2.187,-1.6855,0.5015
2014/2/6,3.86,-1.94,1.92,1.9887,-1.7601,0.2286
2014/2/7,3.30,-1.98,1.33,2.1269,-1.6673,0.4596
2014/2/8,1.35,-1.84,-0.19,1.3529,-1.5465,-0.1936
2014/2/9,1.69,-2.06,-0.38,1.1613,-1.5653,-0.404
2014/2/10,1.31,-1.80,-0.50,1.0084,-1.5424,-0.534
2014/2/11,1.36,-1.77,-0.40,1.0008,-1.548,-0.5472
2014/2/12,1.52,-1.74,-0.22,1.4516,-1.5785,-0.1269
2014/2/13,1.61,-1.97,0.01,1.6058,-1.5989,0.0069
2014/2/14,2.59,-2.02,0.57,2.0144,-1.6246,0.3898
2014/2/15,2.71,-1.70,1.01,2.3387,-1.6479,0.6908
2014/2/16,2.26,-1.97,0.53,2.2582,-1.7241,0.5341
2014/2/17,2.17,-2.11,0.43,2.1713,-1.737,0.4343
2014/2/18,2.62,-2.24,0.38,1.9693,-1.6269,0.3424
2014/2/19,1.15,-1.68,-0.53,1.7148,-1.5882,0.1266
2014/2/20,2.67,-1.66,1.01,1.8167,-1.6358,0.1809
2014/2/21,1.89,-1.57,0.32,2.1736,-1.7427,0.4309
2014/2/22,3.48,-1.67,1.81,2.5126,-1.8228,0.6898
2014/2/23,3.28,-2.01,1.27,2.5456,-1.8387,0.7069
2014/2/24,3.07,-2.35,0.72,2.2927,-1.8095,0.4832
2014/2/25,3.14,-2.03,1.11,2.3453,-1.9079,0.4374
2014/2/26,2.79,-2.25,0.53,2.6426,-1.9519,0.6907
2014/2/27,3.16,-2.24,0.92,2.8914,-1.9689,0.9225
2014/2/28,3.31,-2.00,1.31,2.5607,-1.867,0.6937
2014/3/1,3.59,-2.63,0.96,2.1215,-1.7452,0.3763
2014/3/2,2.49,-1.88,0.61,2.3321,-1.7693,0.5628
2014/3/3,3.05,-2.09,0.95,2.5414,-1.831,0.7104
2014/3/4,3.17,-2.18,0.99,2.7535,-1.896,0.8575
2014/3/5,2.63,-1.86,0.76,2.593,-1.8356,0.7574
2014/3/6,2.87,-1.74,1.13,1.8834,-1.6705,0.2129
2014/3/7,2.20,-1.81,0.39,2.2082,-1.732,0.4762
2014/3/8,2.41,-2.02,0.39,1.941,-1.6817,0.2593
2014/3/9,2.63,-2.23,0.40,2.6248,-1.8284,0.7964
2014/3/10,3.40,-1.94,1.46,2.9958,-1.9277,1.0681
2014/3/11,4.06,-2.52,1.54,3.5166,-2.0692,1.4474
2014/3/12,4.49,-2.70,1.79,3.2891,-1.9939,1.2952
2014/3/13,4.42,-1.91,2.52,2.5596,-1.8116,0.748
2014/3/14,3.44,-1.82,1.62,3.1698,-1.9509,1.2189
2014/3/15,3.86,-1.83,2.04,4.0995,-2.2526,1.8469
2014/3/16,4.30,-1.94,2.36,4.4088,-2.3635,2.0453
2014/3/17,4.27,-2.07,2.20,4.6339,-2.5313,2.1026
2014/3/18,3.71,-2.09,1.62,4.5863,-2.4816,2.1047
2014/3/19,3.93,-2.89,1.04,3.455,-2.0245,1.4305
2014/3/20,2.72,-1.96,0.76,2.6117,-1.8378,0.7739
2014/3/21,3.79,-1.73,2.06,3.166,-1.9447,1.2213
2014/3/22,2.92,-1.89,1.03,3.5422,-2.0487,1.4935
2014/3/23,3.90,-2.72,1.18,3.8701,-2.1497,1.7204
2014/3/24,3.65,-2.32,1.33,4.4773,-2.3732,2.1041
2014/3/25,3.95,-2.29,1.66,4.4766,-2.3376,2.139
2014/3/26,4.04,-2.67,1.37,4.6473,-2.4285,2.2188
2014/3/27,3.24,-2.16,1.07,4.3852,-2.3071,2.0781
2014/3/28,3.61,-2.27,1.33,4.6195,-2.3636,2.2559
2014/3/29,3.49,-2.32,1.17,4.5514,-2.3964,2.155
2014/3/30,4.44,-2.89,1.55,4.4129,-2.284,2.1289
2014/3/31,3.93,-2.14,1.79,3.5624,-2.0523,1.5101
2014/4/1,3.72,-2.26,1.47,3.6218,-2.0709,1.5509
2014/4/2,4.44,-2.00,2.44,4.1482,-2.1799,1.9683
2014/4/3,4.91,-2.82,2.09,4.2072,-2.2098,1.9974
2014/4/4,3.91,-2.17,1.75,4.1811,-2.1946,1.9865
2014/4/5,3.76,-2.09,1.67,4.1947,-2.2,1.9947
2014/4/6,3.55,-2.00,1.55,3.5445,-2.0004,1.5441
2014/4/7,4.14,-2.20,1.95,3.9586,-2.0936,1.865
2014/4/8,4.44,-2.47,1.97,4.4613,-2.3009,2.1604
2014/4/9,4.87,-2.74,2.13,4.7485,-2.38,2.3685
2014/4/10,4.74,-2.46,2.28,4.9806,-2.4931,2.4875
2014/4/11,4.35,-2.32,2.03,4.6244,-2.3252,2.2992
2014/4/12,4.15,-2.31,1.84,4.1259,-2.249,1.8769
2014/4/13,3.96,-2.30,1.65,3.4919,-2.1106,1.3813
2014/4/14,3.78,-2.37,1.41,4.277,-2.1948,2.0822
2014/4/15,4.42,-2.35,2.16,4.4162,-2.2523,2.1639
2014/4/16,4.14,-2.96,1.98,4.1385,-2.1608,1.9777
2014/4/17,4.44,-2.99,2.13,4.4354,-2.3021,2.1333
2014/4/18,4.36,-3.03,2.14,4.3602,-2.216,2.1442
2014/4/19,4.15,-2.44,1.71,3.4032,-2.1035,1.2997
2014/4/20,3.81,-2.35,1.46,3.896,-2.1551,1.7409
2014/4/21,3.47,-2.25,1.22,3.4702,-2.0856,1.3846
2014/4/22,5.32,-2.06,3.26,4.1235,-2.1224,2.0011
2014/4/23,4.60,-2.46,2.37,4.604,-2.2346,2.3694
2014/4/24,4.72,-2.96,2.46,4.7208,-2.2586,2.4622
2014/4/25,4.76,-2.40,2.35,3.788,-2.2945,1.4935
2014/4/26,5.51,-3.04,2.47,4.6683,-2.3498,2.3185
2014/4/27,4.96,-2.36,2.60,4.6528,-2.2976,2.3552
2014/4/28,4.92,-2.29,2.63,4.8099,-2.3077,2.5022
2014/4/29,4.55,-1.88,2.67,4.9709,-2.375,2.5959
2014/4/30,3.62,-2.11,1.51,5.1983,-2.4433,2.755
2014/5/1,4.59,-2.24,2.35,5.4715,-2.5985,2.873
2014/5/2,5.53,-2.53,3.00,5.5309,-2.6765,2.8544
2014/5/3,4.53,-2.58,1.95,5.079,-2.3681,2.7109
2014/5/4,3.63,-2.36,1.28,4.6248,-2.2401,2.3847
2014/5/5,4.19,-2.17,2.03,4.6773,-2.2199,2.4574
2014/5/6,4.12,-2.82,1.30,4.8788,-2.3123,2.5665
2014/5/7,5.09,-3.05,2.05,5.4532,-2.5748,2.8784
2014/5/8,4.83,-3.07,1.76,5.5691,-2.5741,2.995
2014/5/9,4.14,-2.76,1.38,5.2195,-2.3776,2.8419
2014/5/10,4.73,-3.03,1.71,5.042,-2.3915,2.6505
2014/5/11,5.33,-3.30,2.03,5.2466,-2.435,2.8116
2014/5/12,4.78,-2.34,2.44,5.6243,-2.5164,3.1079
2014/5/13,5.53,-2.61,2.91,5.2706,-2.4122,2.8584
2014/5/14,5.51,-2.88,2.63,4.5161,-2.4964,2.0197
2014/5/15,5.39,-3.06,2.34,5.501,-2.5484,2.9526
2014/5/16,4.67,-3.23,1.44,5.8168,-2.6364,3.1804
2014/5/17,4.60,-2.89,1.71,4.6859,-2.4155,2.2704
2014/5/18,4.53,-2.55,1.99,4.7305,-2.3375,2.393
2014/5/19,4.95,-2.91,2.04,4.0998,-2.3459,1.7539
2014/5/20,5.08,-2.99,2.09,5.8641,-2.5784,3.2857
2014/5/21,5.43,-2.69,2.73,6.0114,-2.7753,3.2361
2014/5/22,4.84,-2.73,2.11,5.511,-2.5815,2.9295
2014/5/23,5.03,-2.78,2.25,5.827,-2.5438,3.2832
2014/5/24,5.65,-3.24,2.40,6.0059,-2.7163,3.2896
2014/5/25,4.06,-2.66,1.40,5.1426,-2.7639,2.3787
2014/5/26,5.60,-2.64,2.95,5.608,-2.8087,2.7993
2014/5/27,5.77,-2.92,2.85,5.7675,-2.915,2.8525
2014/5/28,4.79,-3.09,1.71,4.7936,-3.0879,1.7057
2014/5/29,5.80,-2.20,3.60,5.9467,-3.0177,2.929
2014/5/30,4.45,-2.25,2.19,6.1354,-2.918,3.2174
2014/5/31,5.23,-2.66,2.57,5.2332,-2.6584,2.5748
2014/6/1,5.84,-2.83,3.01,5.8408,-2.8306,3.0102
2014/6/2,6.10,-2.62,3.48,6.0993,-2.6196,3.4797
2014/6/3,5.79,-2.57,3.22,5.7865,-2.5699,3.2166
2014/6/4,6.19,-2.29,3.57,6.1862,-2.6122,3.574
2014/6/5,6.33,-2.36,3.54,6.3262,-2.7846,3.5416
2014/6/6,6.34,-2.60,3.59,6.336,-2.7449,3.5911
2014/6/7,5.30,-2.82,2.48,6.3214,-2.8794,3.442
2014/6/8,6.17,-2.64,3.53,6.4048,-2.7849,3.6199
2014/6/9,6.38,-2.95,3.64,6.3838,-2.7415,3.6423
2014/6/10,6.43,-2.41,3.67,6.4281,-2.7609,3.6672
2014/6/11,6.29,-2.38,3.56,6.2851,-2.7236,3.5615
2014/6/12,6.47,-2.42,3.66,6.4724,-2.8125,3.6599
2014/6/13,6.42,-2.87,3.56,6.4171,-2.8555,3.5616
2014/6/14,6.35,-2.37,3.31,6.3481,-3.0417,3.3064
2014/6/15,6.47,-3.19,3.49,6.4713,-2.9845,3.4868
2014/6/16,6.02,-2.91,3.10,6.492,-2.9123,3.5797
2014/6/17,5.48,-2.64,2.75,5.4751,-2.7246,2.7505
2014/6/18,6.02,-3.17,3.22,6.0224,-2.7988,3.2236
2014/6/19,6.57,-3.14,3.77,6.5712,-2.8004,3.7708
2014/6/20,5.53,-3.18,2.35,5.8457,-2.9073,2.9384
2014/6/21,4.96,-2.83,2.12,5.5335,-2.6979,2.8356
2014/6/22,4.73,-2.59,2.13,5.5998,-2.6533,2.9465
2014/6/23,6.10,-3.11,2.99,5.5777,-2.6595,2.9182
2014/6/24,5.18,-2.57,2.61,6.7476,-2.8044,3.9432
2014/6/25,5.21,-2.65,2.51,5.2106,-2.6972,2.5134
2014/6/26,6.05,-2.63,3.42,5.7531,-2.7005,3.0526
2014/6/27,5.32,-2.46,2.86,5.8943,-2.7305,3.1638
2014/6/28,4.62,-2.32,2.30,6.1429,-2.7925,3.3504
2014/6/29,4.77,-2.21,2.56,6.794,-2.9426,3.8514
2014/6/30,6.47,-2.68,3.79,6.4686,-2.6812,3.7874
2014/7/1,6.15,-2.75,3.41,6.152,-2.7456,3.4064
2014/7/2,5.17,-2.83,2.34,5.169,-2.8311,2.3379
2014/7/3,6.51,-2.95,3.56,6.5102,-2.9459,3.5643
2014/7/4,4.76,-2.83,1.93,4.7624,-2.831,1.9314
2014/7/5,6.21,-2.91,3.30,6.2393,-2.9223,3.317
2014/7/6,4.97,-3.00,1.97,5.5853,-2.7817,2.8036
2014/7/7,6.85,-2.85,3.96,6.853,-2.8979,3.9551
2014/7/8,6.86,-3.26,3.92,6.8638,-2.9462,3.9176
2014/7/9,6.75,-3.12,3.63,6.798,-3.0486,3.7494
2014/7/10,6.73,-2.73,4.00,6.4791,-3.1774,3.3017
2014/7/11,5.62,-2.74,2.88,5.5954,-3.3338,2.2616
2014/7/12,5.81,-3.19,2.62,6.3661,-3.1509,3.2152
2014/7/13,5.70,-3.34,2.36,6.914,-2.7836,4.1304
2014/7/14,6.60,-3.08,3.52,6.7401,-2.9446,3.7955
2014/7/15,5.51,-2.83,2.69,6.4675,-2.8177,3.6498
2014/7/16,6.18,-3.22,2.96,6.4005,-2.892,3.5085
2014/7/17,6.12,-2.96,2.97,6.1229,-3.1545,2.9684
2014/7/18,6.26,-2.96,3.02,6.2612,-3.2414,3.0198
2014/7/19,6.06,-2.95,2.81,6.0624,-3.2518,2.8106
2014/7/20,6.07,-2.74,2.75,6.0689,-3.318,2.7509
2014/7/21,6.06,-2.70,2.72,6.059,-3.3398,2.7192
2014/7/22,5.62,-2.96,2.66,6.0162,-3.3629,2.6533
2014/7/23,5.31,-2.76,2.55,6.4691,-3.2546,3.2145
2014/7/24,5.49,-3.00,2.49,5.7834,-3.0941,2.6893
2014/7/25,5.26,-2.83,2.43,6.0918,-3.1768,2.915
2014/7/26,5.35,-2.73,2.62,5.9813,-3.119,2.8623
2014/7/27,5.81,-3.01,2.81,6.4831,-3.0405,3.4426
2014/7/28,6.75,-2.60,3.66,6.7494,-3.0874,3.662
2014/7/29,6.77,-2.90,3.51,6.769,-3.2552,3.5138
2014/7/30,4.87,-2.97,1.90,6.3267,-3.3825,2.9442
2014/7/31,6.03,-3.04,2.77,6.0349,-3.2607,2.7742
2014/8/1,4.41,-3.59,1.40,4.4079,-3.0053,1.4026
2014/8/2,4.96,-3.57,1.94,4.9556,-3.012,1.9436
2014/8/3,7.02,-3.07,3.96,6.0946,-3.2403,2.8543
2014/8/4,5.35,-2.59,2.75,5.4584,-3.4178,2.0406
2014/8/5,5.24,-2.68,2.55,5.132,-3.3852,1.7468
2014/8/6,5.38,-3.03,2.35,5.4165,-3.3753,2.0412
2014/8/7,5.09,-2.99,2.10,6.0223,-3.2339,2.7884
2014/8/8,4.28,-3.12,1.16,5.0548,-2.9598,2.095
2014/8/9,5.48,-3.08,2.39,6.842,-3.0218,3.8202
2014/8/10,4.64,-3.04,1.59,4.8072,-2.874,1.9332
2014/8/11,4.56,-3.24,1.32,5.649,-2.9438,2.7052
2014/8/12,6.19,-2.83,3.37,6.1929,-2.8276,3.3653
2014/8/13,7.03,-3.04,4.00,7.0312,-3.0362,3.995
2014/8/14,4.07,-2.88,1.19,4.0713,-2.8765,1.1948
2014/8/15,4.83,-2.93,1.90,4.8315,-2.927,1.9045
2014/8/16,5.19,-2.98,2.22,5.1918,-2.9758,2.216
2014/8/17,5.90,-3.06,2.85,4.5485,-2.8162,1.7323
2014/8/18,5.55,-3.08,2.47,5.5293,-2.7835,2.7458
2014/8/19,5.82,-3.38,2.45,5.7568,-2.8105,2.9463
2014/8/20,5.38,-2.96,2.42,4.7513,-2.8523,1.899
2014/8/21,6.80,-2.45,3.79,6.795,-3.0056,3.7894
2014/8/22,6.74,-2.61,3.59,6.737,-3.1478,3.5892
2014/8/23,4.47,-3.03,1.44,6.209,-3.2029,3.0061
2014/8/24,3.91,-2.66,1.25,6.5343,-3.1653,3.369
2014/8/25,4.01,-2.95,1.05,5.6945,-3.033,2.6615
2014/8/26,6.31,-2.65,3.66,6.2124,-2.9826,3.2298
2014/8/27,7.07,-3.42,3.66,6.1371,-2.8173,3.3198
2014/8/28,6.39,-2.97,3.42,6.3916,-2.9741,3.4175
2014/8/29,5.83,-2.99,2.84,5.8265,-2.9852,2.8413
2014/8/30,6.55,-2.60,3.96,6.014,-2.9605,3.0535
2014/8/31,6.20,-3.06,3.14,6.4589,-3.0254,3.4335
2014/9/1,5.15,-2.83,2.32,4.279,-2.9764,1.3026
2014/9/2,6.18,-2.61,3.06,6.1812,-3.1237,3.0575
2014/9/3,6.11,-2.88,3.26,6.1119,-2.8485,3.2634
2014/9/4,4.80,-2.87,1.93,6.2792,-2.8439,3.4353
2014/9/5,5.71,-2.97,2.74,6.2961,-3.0152,3.2809
2014/9/6,5.66,-2.81,2.85,5.3538,-3.0008,2.353
2014/9/7,5.65,-2.63,3.01,6.2004,-2.9771,3.2233
2014/9/8,5.89,-2.71,3.17,5.1804,-2.994,2.1864
2014/9/9,5.14,-2.53,2.60,3.6487,-2.8643,0.7844
2014/9/10,5.25,-2.82,2.43,3.6577,-2.8728,0.7849
2014/9/11,5.49,-3.11,2.38,4.0572,-2.7573,1.2999
2014/9/12,5.23,-3.39,1.84,5.7426,-2.9457,2.7969
2014/9/13,5.64,-3.39,2.25,5.2493,-2.6918,2.5575
2014/9/14,4.97,-2.64,2.33,4.6727,-2.7519,1.9208
2014/9/15,3.86,-2.56,1.30,3.7722,-2.7419,1.0303
2014/9/16,5.23,-2.77,2.46,5.0787,-2.6921,2.3866
2014/9/17,6.63,-3.00,3.62,5.5495,-2.9223,2.6272
2014/9/18,4.48,-3.17,1.31,5.3463,-2.5964,2.7499
2014/9/19,5.78,-3.34,2.44,2.9999,-2.4511,0.5488
2014/9/20,6.42,-2.85,3.57,5.5012,-2.607,2.8942
2014/9/21,5.43,-2.41,3.02,5.4111,-2.7168,2.6943
2014/9/22,4.73,-2.54,2.19,3.305,-2.5755,0.7295
2014/9/23,4.00,-2.65,1.35,4.4268,-2.6826,1.7442
2014/9/24,6.15,-2.59,3.56,5.4479,-2.8042,2.6437
2014/9/25,5.12,-2.76,2.35,5.1218,-2.7716,2.3502
2014/9/26,5.35,-2.72,2.59,5.3454,-2.7604,2.585
2014/9/27,4.40,-2.67,1.73,5.3035,-2.8618,2.4417
2014/9/28,5.30,-2.84,2.46,5.179,-2.9495,2.2295
2014/9/29,4.01,-2.80,1.20,5.073,-2.8067,2.2663
2014/9/30,4.21,-2.51,1.71,4.4053,-2.4568,1.9485
2014/10/1,4.42,-2.21,2.21,4.8373,-2.4657,2.3716
2014/10/2,4.84,-2.09,2.28,4.8403,-2.5613,2.279
2014/10/3,4.85,-2.06,2.28,4.847,-2.5711,2.2759
2014/10/4,4.64,-1.99,2.20,4.6405,-2.4453,2.1952
2014/10/5,4.66,-1.93,2.19,4.6567,-2.4666,2.1901
2014/10/6,4.54,-1.90,2.09,4.5383,-2.4456,2.0927
2014/10/7,4.41,-1.86,2.04,4.4099,-2.3744,2.0355
2014/10/8,4.56,-1.91,2.11,4.563,-2.4545,2.1085
2014/10/9,4.35,-2.03,2.32,4.5734,-2.4883,2.0851
2014/10/10,5.42,-1.92,3.50,4.2015,-2.4461,1.7554
2014/10/11,3.90,-2.70,1.20,4.4125,-2.5026,1.9099
2014/10/12,5.83,-2.70,3.13,4.4841,-2.5018,1.9823
2014/10/13,4.01,-2.27,1.73,4.0082,-2.2741,1.7341
2014/10/14,3.89,-2.20,1.65,3.887,-2.234,1.653
2014/10/15,4.51,-2.12,2.39,4.0274,-2.297,1.7304
2014/10/16,4.41,-2.24,2.17,4.3278,-2.4561,1.8717
2014/10/17,4.94,-2.98,1.96,4.2316,-2.439,1.7926
2014/10/18,4.28,-2.49,1.84,4.2838,-2.4458,1.838
2014/10/19,4.22,-2.16,1.72,4.2159,-2.4977,1.7182
2014/10/20,5.05,-2.12,2.93,4.2696,-2.7581,1.5115
2014/10/21,5.31,-2.35,2.96,4.1921,-2.4604,1.7317
2014/10/22,5.46,-2.48,2.99,3.9463,-2.298,1.6483
2014/10/23,4.41,-2.53,1.88,4.0664,-2.3485,1.7179
2014/10/24,4.69,-2.64,2.05,4.1747,-2.4282,1.7465
2014/10/25,4.99,-2.80,2.19,4.1983,-2.5577,1.6406
2014/10/26,3.52,-2.19,1.33,4.1304,-2.6392,1.4912
2014/10/27,4.80,-2.80,2.00,4.0597,-2.364,1.6957
2014/10/28,3.33,-1.98,1.35,3.7059,-2.2183,1.4876
2014/10/29,2.95,-2.25,0.69,3.0004,-2.256,0.7444
2014/10/30,2.54,-2.36,0.18,2.5368,-2.3601,0.1767
2014/10/31,3.06,-2.33,0.73,3.0636,-2.3326,0.731
2014/11/1,3.30,-2.38,0.93,3.135,-2.3106,0.8244
2014/11/2,3.56,-2.49,1.07,3.4547,-2.1658,1.2889
2014/11/3,3.27,-2.05,1.22,3.0595,-2.0238,1.0357
2014/11/4,3.98,-2.25,1.73,3.4464,-2.1536,1.2928
2014/11/5,4.54,-2.30,2.24,3.7034,-2.2598,1.4436
2014/11/6,4.34,-2.16,2.19,3.2645,-2.1347,1.1298
2014/11/7,4.15,-2.02,2.13,3.0985,-2.1113,0.9872
2014/11/8,2.73,-2.22,0.51,2.1864,-1.9964,0.19
2014/11/9,3.46,-2.67,0.79,2.7228,-2.025,0.6978
2014/11/10,4.41,-2.02,2.39,2.915,-2.0858,0.8292
2014/11/11,3.27,-2.19,1.09,3.1097,-2.1173,0.9924
2014/11/12,3.45,-2.21,1.24,3.2334,-2.1273,1.1061
2014/11/13,3.20,-1.81,1.39,2.7767,-1.9824,0.7943
2014/11/14,3.51,-1.98,1.53,2.9432,-2.0247,0.9185
2014/11/15,3.84,-2.24,1.60,2.7623,-1.98,0.7823
2014/11/16,3.85,-2.17,1.67,2.8013,-2.018,0.7833
2014/11/17,2.88,-2.10,0.77,2.6067,-1.966,0.6407
2014/11/18,2.79,-1.95,0.84,2.6621,-1.9536,0.7085
2014/11/19,3.34,-2.44,0.90,2.6214,-1.9511,0.6703
2014/11/20,3.29,-2.30,0.98,3.1767,-2.1458,1.0309
2014/11/21,3.61,-2.54,1.07,3.4765,-2.2913,1.1852
2014/11/22,4.25,-2.36,1.89,3.4087,-2.3378,1.0709
2014/11/23,5.07,-2.35,2.72,3.4777,-2.3633,1.1144
2014/11/24,3.11,-2.14,0.97,3.1106,-2.1369,0.9737
2014/11/25,1.64,-1.94,-0.30,1.639,-1.9439,-0.3049
2014/11/26,4.35,-2.30,2.05,2.721,-2.0064,0.7146
2014/11/27,4.56,-2.51,2.05,3.0814,-2.1269,0.9545
2014/11/28,2.72,-2.03,0.69,2.7243,-2.034,0.6903
2014/11/29,3.11,-2.14,0.97,3.1062,-2.1383,0.9679
2014/11/30,2.92,-2.07,0.85,2.9154,-2.0661,0.8493
2014/12/1,3.75,-2.25,1.50,1.8982,-1.7266,0.1716
2014/12/2,3.39,-1.90,1.50,1.4768,-1.6241,-0.1473
2014/12/3,3.52,-2.55,0.97,1.5666,-1.6522,-0.0856
2014/12/4,2.55,-1.85,0.70,1.7058,-1.6817,0.0241
2014/12/5,2.25,-1.82,0.42,1.6785,-1.6771,0.0014
2014/12/6,2.95,-1.69,1.26,2.0494,-1.7845,0.2649
2014/12/7,3.88,-1.78,2.10,2.4015,-1.8794,0.5221
2014/12/8,3.99,-1.86,2.13,1.9491,-1.746,0.2031
2014/12/9,3.45,-2.36,1.09,2.0437,-1.7976,0.2461
2014/12/10,2.16,-1.85,0.31,2.0506,-1.7884,0.2622
2014/12/11,4.21,-1.82,2.39,1.404,-1.6823,-0.2783
2014/12/12,1.74,-2.18,0.05,1.7388,-1.6918,0.047
2014/12/13,1.77,-1.84,0.07,1.7733,-1.7018,0.0715
2014/12/14,4.50,-2.34,2.16,2.0266,-1.7746,0.252
2014/12/15,2.08,-2.54,0.24,2.0796,-1.8386,0.241
2014/12/16,1.59,-1.84,-0.06,1.592,-1.6561,-0.0641
2014/12/17,1.52,-1.62,-0.12,1.5179,-1.6402,-0.1223
2014/12/18,2.95,-1.88,1.07,1.7344,-1.6912,0.0432
2014/12/19,2.43,-1.77,0.66,2.0071,-1.7922,0.2149
2014/12/20,1.91,-1.66,0.25,1.8234,-1.7268,0.0966
2014/12/21,3.89,-1.75,2.14,1.4005,-1.6086,-0.2081
2014/12/22,2.75,-1.74,1.01,1.6648,-1.6778,-0.013
2014/12/23,3.53,-2.10,1.44,2.1775,-1.8054,0.3721
2014/12/24,2.29,-1.80,0.49,2.3233,-1.8896,0.4337
2014/12/25,1.89,-1.98,0.15,1.8894,-1.7415,0.1479
2014/12/26,1.80,-1.80,0.09,1.7966,-1.7061,0.0905
2014/12/27,1.94,-1.79,0.17,1.9389,-1.7689,0.17
2014/12/28,2.17,-2.19,0.35,2.1718,-1.8265,0.3453
2014/12/29,2.50,-1.95,0.57,2.4957,-1.9225,0.5732
2014/12/30,2.87,-1.82,0.79,2.8717,-2.0811,0.7906
2014/12/31,2.12,-2.03,0.33,2.1162,-1.7887,0.3275
